deliverableId,industry,status,score,artifacts,seconds,error,checkedAt
setup-quick,development_it,PASS,,2,3,"",2026-08-03T20:22:01.4101329+02:00
setup-quick,ai_data,PASS,,2,2,"",2026-08-03T20:22:03.5537932+02:00
setup-quick,design_creative,PASS,,2,2,"",2026-08-03T20:22:05.9091273+02:00
setup-quick,writing_translation,PASS,,2,2,"",2026-08-03T20:22:08.0773267+02:00
setup-quick,marketing,PASS,,2,2,"",2026-08-03T20:22:10.2275087+02:00
setup-quick,sales,PASS,,2,2,"",2026-08-03T20:22:12.3765493+02:00
setup-quick,admin_support,PASS,,2,2,"",2026-08-03T20:22:14.7178756+02:00
setup-quick,customer_service,PASS,,2,2,"",2026-08-03T20:22:16.8784640+02:00
setup-quick,business_consulting,PASS,,2,2,"",2026-08-03T20:22:19.1956986+02:00
setup-quick,finance_accounting,PASS,,2,2,"",2026-08-03T20:22:21.3920032+02:00
setup-quick,legal_services,PASS,,2,2,"",2026-08-03T20:22:23.6100834+02:00
setup-quick,ecommerce,PASS,,2,2,"",2026-08-03T20:22:25.8204239+02:00
setup-quick,engineering_architecture,PASS,,2,2,"",2026-08-03T20:22:28.0409325+02:00
setup-quick,video_animation,PASS,,2,2,"",2026-08-03T20:22:30.2061547+02:00
setup-quick,audio_music,PASS,,2,2,"",2026-08-03T20:22:32.4663514+02:00
setup-quick,education_training,PASS,,2,2,"",2026-08-03T20:22:34.6927867+02:00
setup-quick,hr_recruiting,PASS,,2,2,"",2026-08-03T20:22:37.0436541+02:00
setup-quick,photography,PASS,,2,2,"",2026-08-03T20:22:39.3645688+02:00
setup-quick,product_project_management,PASS,,2,2,"",2026-08-03T20:22:41.5293588+02:00
setup-quick,engineering_science,PASS,,2,2,"",2026-08-03T20:22:43.7423554+02:00
setup-quick,web3,PASS,,2,2,"",2026-08-03T20:22:45.9252870+02:00
setup-quick,localization,PASS,,2,2,"",2026-08-03T20:22:48.1123169+02:00
setup-quick,community_moderation,PASS,,2,2,"",2026-08-03T20:22:50.2250097+02:00
setup-quick,creator_services,PASS,,2,2,"",2026-08-03T20:22:52.4657669+02:00
setup-quick,real_estate_services,PASS,,2,2,"",2026-08-03T20:22:54.6731826+02:00
setup-quick,healthcare,PASS,,2,2,"",2026-08-03T20:22:56.8594282+02:00
setup-quick,legal,PASS,,2,2,"",2026-08-03T20:22:59.0540975+02:00
setup-quick,retail,PASS,,2,2,"",2026-08-03T20:23:01.2305216+02:00
setup-quick,hospitality,PASS,,2,2,"",2026-08-03T20:23:03.6777431+02:00
setup-quick,construction,PASS,,2,2,"",2026-08-03T20:23:05.8942543+02:00
setup-quick,education,PASS,,2,2,"",2026-08-03T20:23:08.1436723+02:00
setup-quick,finance,PASS,,2,2,"",2026-08-03T20:23:10.4679104+02:00
setup-quick,logistics,PASS,,2,3,"",2026-08-03T20:23:13.2719236+02:00
setup-quick,beauty,PASS,,2,2,"",2026-08-03T20:23:15.5117729+02:00
setup-quick,fitness,PASS,,2,2,"",2026-08-03T20:23:17.6507566+02:00
setup-quick,agriculture,PASS,,2,2,"",2026-08-03T20:23:19.8420082+02:00
setup-quick,automotive,PASS,,2,2,"",2026-08-03T20:23:22.0742723+02:00
setup-quick,real-estate,PASS,,2,2,"",2026-08-03T20:23:24.2172751+02:00
setup-quick,manufacturing,PASS,,2,2,"",2026-08-03T20:23:26.3411083+02:00
setup-quick,technology,PASS,,2,2,"",2026-08-03T20:23:28.4900503+02:00
setup-quick,media,PASS,,2,2,"",2026-08-03T20:23:30.6042758+02:00
setup-quick,nonprofit,PASS,,2,2,"",2026-08-03T20:23:32.8934107+02:00
setup-quick,government,PASS,,2,2,"",2026-08-03T20:23:35.0907858+02:00
setup-quick,energy,PASS,,2,2,"",2026-08-03T20:23:37.2879046+02:00
setup-quick,travel,PASS,,2,2,"",2026-08-03T20:23:39.6297629+02:00
setup-quick,professional,PASS,,2,2,"",2026-08-03T20:23:41.7982563+02:00
setup-quick,entertainment,PASS,,2,2,"",2026-08-03T20:23:43.9792700+02:00
setup-quick,home_services,PASS,,2,2,"",2026-08-03T20:23:46.0949079+02:00
setup-quick,pets,PASS,,2,2,"",2026-08-03T20:23:48.2742850+02:00
setup-quick,industrial,PASS,,2,2,"",2026-08-03T20:23:50.4786609+02:00
audit,development_it,PASS,,2,2,"",2026-08-03T20:23:56.1726780+02:00
audit,ai_data,PASS,,2,2,"",2026-08-03T20:23:58.3436277+02:00
audit,design_creative,PASS,,2,2,"",2026-08-03T20:24:00.4933012+02:00
audit,writing_translation,PASS,,2,2,"",2026-08-03T20:24:02.7150364+02:00
audit,marketing,PASS,,2,2,"",2026-08-03T20:24:04.8817253+02:00
audit,sales,PASS,,2,2,"",2026-08-03T20:24:07.0114129+02:00
audit,admin_support,PASS,,2,2,"",2026-08-03T20:24:09.1791432+02:00
audit,customer_service,PASS,,2,2,"",2026-08-03T20:24:11.6179818+02:00
audit,business_consulting,PASS,,2,2,"",2026-08-03T20:24:13.8623184+02:00
audit,finance_accounting,PASS,,2,2,"",2026-08-03T20:24:16.1437626+02:00
audit,legal_services,PASS,,2,2,"",2026-08-03T20:24:18.4245977+02:00
audit,ecommerce,PASS,,2,2,"",2026-08-03T20:24:20.5407827+02:00
audit,engineering_architecture,PASS,,2,2,"",2026-08-03T20:24:22.7574127+02:00
audit,video_animation,PASS,,2,2,"",2026-08-03T20:24:24.8922416+02:00
audit,audio_music,PASS,,2,2,"",2026-08-03T20:24:27.0441874+02:00
audit,education_training,PASS,,2,2,"",2026-08-03T20:24:29.1938735+02:00
audit,hr_recruiting,PASS,,2,2,"",2026-08-03T20:24:31.3452154+02:00
audit,photography,PASS,,2,2,"",2026-08-03T20:24:33.6712407+02:00
audit,product_project_management,PASS,,2,2,"",2026-08-03T20:24:35.8083272+02:00
audit,engineering_science,PASS,,2,3,"",2026-08-03T20:24:38.5574337+02:00
audit,web3,PASS,,2,6,"",2026-08-03T20:24:45.2605599+02:00
audit,localization,PASS,,2,2,"",2026-08-03T20:24:47.7985875+02:00
audit,community_moderation,PASS,,2,2,"",2026-08-03T20:24:50.1836500+02:00
audit,creator_services,PASS,,2,2,"",2026-08-03T20:24:52.6768614+02:00
audit,real_estate_services,PASS,,2,2,"",2026-08-03T20:24:54.9743425+02:00
audit,healthcare,PASS,,2,2,"",2026-08-03T20:24:57.1365926+02:00
audit,legal,PASS,,2,2,"",2026-08-03T20:24:59.2747037+02:00
audit,retail,PASS,,2,3,"",2026-08-03T20:25:01.8467231+02:00
audit,hospitality,PASS,,2,2,"",2026-08-03T20:25:04.2419375+02:00
audit,construction,PASS,,2,2,"",2026-08-03T20:25:06.3694972+02:00
audit,education,PASS,,2,2,"",2026-08-03T20:25:08.5183373+02:00
audit,finance,PASS,,2,2,"",2026-08-03T20:25:10.6933061+02:00
audit,logistics,PASS,,2,2,"",2026-08-03T20:25:13.1795786+02:00
audit,beauty,PASS,,2,2,"",2026-08-03T20:25:15.6788942+02:00
audit,fitness,PASS,,2,2,"",2026-08-03T20:25:17.8297125+02:00
audit,agriculture,PASS,,2,2,"",2026-08-03T20:25:20.0268150+02:00
audit,automotive,PASS,,2,2,"",2026-08-03T20:25:22.2775045+02:00
audit,real-estate,PASS,,2,3,"",2026-08-03T20:25:24.8500584+02:00
audit,manufacturing,PASS,,2,2,"",2026-08-03T20:25:27.3186208+02:00
audit,technology,PASS,,2,2,"",2026-08-03T20:25:29.4424232+02:00
audit,media,PASS,,2,2,"",2026-08-03T20:25:31.5634691+02:00
audit,nonprofit,PASS,,2,2,"",2026-08-03T20:25:33.8256503+02:00
audit,government,PASS,,2,2,"",2026-08-03T20:25:36.1383620+02:00
audit,energy,PASS,,2,2,"",2026-08-03T20:25:38.2930194+02:00
audit,travel,PASS,,2,2,"",2026-08-03T20:25:40.4288080+02:00
audit,professional,PASS,,2,2,"",2026-08-03T20:25:42.5932651+02:00
audit,entertainment,PASS,,2,2,"",2026-08-03T20:25:45.0803347+02:00
audit,home_services,PASS,,2,2,"",2026-08-03T20:25:47.3134113+02:00
audit,pets,PASS,,2,2,"",2026-08-03T20:25:49.5613085+02:00
setup-full,development_it,PASS,,4,2,"",2026-08-03T20:30:34.9426544+02:00
setup-full,ai_data,PASS,,4,2,"",2026-08-03T20:30:37.2399897+02:00
setup-full,design_creative,PASS,,4,2,"",2026-08-03T20:30:39.5793186+02:00
setup-full,writing_translation,PASS,,4,2,"",2026-08-03T20:30:41.8273941+02:00
setup-full,marketing,PASS,,4,2,"",2026-08-03T20:30:44.5488964+02:00
setup-full,sales,PASS,,4,2,"",2026-08-03T20:30:46.9758827+02:00
setup-full,admin_support,PASS,,4,2,"",2026-08-03T20:30:49.7922037+02:00
setup-full,customer_service,PASS,,4,2,"",2026-08-03T20:30:52.0153313+02:00
setup-full,business_consulting,PASS,,4,2,"",2026-08-03T20:30:54.3979641+02:00
setup-full,finance_accounting,PASS,,4,2,"",2026-08-03T20:30:56.7071352+02:00
setup-full,legal_services,PASS,,4,2,"",2026-08-03T20:30:59.1570585+02:00
setup-full,ecommerce,PASS,,4,2,"",2026-08-03T20:31:01.4260162+02:00
setup-full,engineering_architecture,PASS,,4,2,"",2026-08-03T20:31:03.5762334+02:00
setup-full,video_animation,PASS,,4,2,"",2026-08-03T20:31:05.8097694+02:00
setup-full,audio_music,PASS,,4,2,"",2026-08-03T20:31:07.9810696+02:00
setup-full,education_training,PASS,,4,2,"",2026-08-03T20:31:10.4738043+02:00
setup-full,hr_recruiting,PASS,,4,2,"",2026-08-03T20:31:12.6979050+02:00
setup-full,photography,PASS,,4,2,"",2026-08-03T20:31:14.9290504+02:00
setup-full,product_project_management,PASS,,4,2,"",2026-08-03T20:31:17.1450023+02:00
setup-full,engineering_science,PASS,,4,2,"",2026-08-03T20:31:19.3698550+02:00
setup-full,web3,PASS,,4,2,"",2026-08-03T20:31:21.7878699+02:00
setup-full,localization,PASS,,4,2,"",2026-08-03T20:31:23.9948293+02:00
setup-full,community_moderation,PASS,,4,2,"",2026-08-03T20:31:26.2737728+02:00
setup-full,creator_services,PASS,,4,2,"",2026-08-03T20:31:28.7486825+02:00
setup-full,real_estate_services,PASS,,4,2,"",2026-08-03T20:31:30.9277149+02:00
setup-full,healthcare,PASS,,4,2,"",2026-08-03T20:31:33.0471931+02:00
setup-full,legal,PASS,,4,2,"",2026-08-03T20:31:35.3034284+02:00
setup-full,retail,PASS,,4,2,"",2026-08-03T20:31:37.6403952+02:00
setup-full,hospitality,PASS,,4,2,"",2026-08-03T20:31:40.0112878+02:00
setup-full,construction,PASS,,4,2,"",2026-08-03T20:31:42.3485205+02:00
setup-full,education,PASS,,4,2,"",2026-08-03T20:31:44.5636042+02:00
setup-full,finance,PASS,,4,2,"",2026-08-03T20:31:46.7429091+02:00
setup-full,logistics,PASS,,4,2,"",2026-08-03T20:31:48.9596607+02:00
setup-full,beauty,PASS,,4,2,"",2026-08-03T20:31:51.2017551+02:00
setup-full,fitness,PASS,,4,6,"",2026-08-03T20:31:57.5989881+02:00
setup-full,agriculture,PASS,,4,2,"",2026-08-03T20:31:59.7906558+02:00
setup-full,automotive,PASS,,4,2,"",2026-08-03T20:32:02.1932142+02:00
setup-full,real-estate,PASS,,4,2,"",2026-08-03T20:32:04.4214502+02:00
setup-full,manufacturing,PASS,,4,2,"",2026-08-03T20:32:06.8782391+02:00
setup-full,technology,PASS,,4,2,"",2026-08-03T20:32:09.4907405+02:00
setup-full,media,PASS,,4,3,"",2026-08-03T20:32:12.2097487+02:00
setup-full,nonprofit,PASS,,4,2,"",2026-08-03T20:32:14.4164294+02:00
setup-full,government,PASS,,4,2,"",2026-08-03T20:32:16.6266792+02:00
setup-full,energy,PASS,,4,3,"",2026-08-03T20:32:19.2633131+02:00
setup-full,travel,PASS,,4,2,"",2026-08-03T20:32:21.4938728+02:00
setup-full,professional,PASS,,4,2,"",2026-08-03T20:32:23.8952160+02:00
setup-full,entertainment,PASS,,4,2,"",2026-08-03T20:32:26.0637925+02:00
setup-full,home_services,PASS,,4,2,"",2026-08-03T20:32:28.2327316+02:00
setup-full,pets,PASS,,4,2,"",2026-08-03T20:32:30.6908904+02:00
setup-full,industrial,PASS,,4,2,"",2026-08-03T20:32:32.8784099+02:00
setup-custom,development_it,PASS,,3,2,"",2026-08-03T20:32:35.1874751+02:00
setup-custom,ai_data,PASS,,3,2,"",2026-08-03T20:32:37.3831969+02:00
setup-custom,design_creative,PASS,,3,2,"",2026-08-03T20:32:39.5650365+02:00
setup-custom,writing_translation,PASS,,3,2,"",2026-08-03T20:32:41.8909864+02:00
setup-custom,marketing,PASS,,3,2,"",2026-08-03T20:32:44.0607322+02:00
setup-custom,sales,PASS,,3,2,"",2026-08-03T20:32:46.1925932+02:00
setup-custom,admin_support,PASS,,3,2,"",2026-08-03T20:32:48.3158722+02:00
setup-custom,customer_service,PASS,,3,2,"",2026-08-03T20:32:50.4468103+02:00
setup-custom,business_consulting,PASS,,3,2,"",2026-08-03T20:32:52.5763645+02:00
setup-custom,finance_accounting,PASS,,3,2,"",2026-08-03T20:32:54.7784158+02:00
setup-custom,legal_services,PASS,,3,2,"",2026-08-03T20:32:56.9771652+02:00
setup-custom,ecommerce,PASS,,3,2,"",2026-08-03T20:32:59.0791072+02:00
setup-custom,engineering_architecture,PASS,,3,2,"",2026-08-03T20:33:01.3327020+02:00
setup-custom,video_animation,PASS,,3,2,"",2026-08-03T20:33:03.5115677+02:00
setup-custom,audio_music,PASS,,3,2,"",2026-08-03T20:33:05.6641727+02:00
setup-custom,education_training,PASS,,3,2,"",2026-08-03T20:33:07.7645723+02:00
setup-custom,hr_recruiting,PASS,,3,2,"",2026-08-03T20:33:09.8660295+02:00
setup-custom,photography,PASS,,3,2,"",2026-08-03T20:33:12.0480468+02:00
setup-custom,product_project_management,PASS,,3,2,"",2026-08-03T20:33:14.1724375+02:00
setup-custom,engineering_science,PASS,,3,2,"",2026-08-03T20:33:16.5121960+02:00
setup-custom,web3,PASS,,3,2,"",2026-08-03T20:33:18.6137325+02:00
setup-custom,localization,PASS,,3,2,"",2026-08-03T20:33:20.7281325+02:00
setup-custom,community_moderation,PASS,,3,2,"",2026-08-03T20:33:22.8521932+02:00
setup-custom,creator_services,PASS,,3,2,"",2026-08-03T20:33:25.0687566+02:00
setup-custom,real_estate_services,PASS,,3,2,"",2026-08-03T20:33:27.1960220+02:00
setup-custom,healthcare,PASS,,3,2,"",2026-08-03T20:33:29.4938074+02:00
setup-custom,legal,PASS,,3,2,"",2026-08-03T20:33:31.8417464+02:00
setup-custom,retail,PASS,,3,2,"",2026-08-03T20:33:33.9483181+02:00
setup-custom,hospitality,PASS,,3,2,"",2026-08-03T20:33:36.0488198+02:00
setup-custom,construction,PASS,,3,2,"",2026-08-03T20:33:38.1682864+02:00
setup-custom,education,PASS,,3,2,"",2026-08-03T20:33:40.4468262+02:00
setup-custom,finance,PASS,,3,2,"",2026-08-03T20:33:42.7470489+02:00
setup-custom,logistics,PASS,,3,2,"",2026-08-03T20:33:44.9483547+02:00
setup-custom,beauty,PASS,,3,2,"",2026-08-03T20:33:47.3970152+02:00
setup-custom,fitness,PASS,,3,2,"",2026-08-03T20:33:49.6756799+02:00
setup-custom,agriculture,PASS,,3,2,"",2026-08-03T20:33:51.9363952+02:00
setup-custom,automotive,PASS,,3,2,"",2026-08-03T20:33:54.1784840+02:00
setup-custom,real-estate,PASS,,3,2,"",2026-08-03T20:33:56.2851721+02:00
setup-custom,manufacturing,PASS,,3,2,"",2026-08-03T20:33:58.4018888+02:00
setup-custom,technology,PASS,,3,2,"",2026-08-03T20:34:00.5248190+02:00
setup-custom,media,PASS,,3,2,"",2026-08-03T20:34:02.9818399+02:00
setup-custom,nonprofit,PASS,,3,2,"",2026-08-03T20:34:05.1536688+02:00
setup-custom,government,PASS,,3,2,"",2026-08-03T20:34:07.2626091+02:00
setup-custom,energy,PASS,,3,2,"",2026-08-03T20:34:09.3751763+02:00
setup-custom,travel,PASS,,3,2,"",2026-08-03T20:34:11.8662783+02:00
setup-custom,professional,PASS,,3,2,"",2026-08-03T20:34:14.1332258+02:00
setup-custom,entertainment,PASS,,3,2,"",2026-08-03T20:34:16.2342357+02:00
setup-custom,home_services,PASS,,3,2,"",2026-08-03T20:34:18.3607125+02:00
setup-custom,pets,PASS,,3,2,"",2026-08-03T20:34:20.4682219+02:00
setup-custom,industrial,PASS,,3,2,"",2026-08-03T20:34:22.5811500+02:00
audit,industrial,PASS,,2,2,"",2026-08-03T20:34:24.7420016+02:00
integration,development_it,PASS,,3,2,"",2026-08-03T20:34:27.0314714+02:00
integration,ai_data,PASS,,3,2,"",2026-08-03T20:34:29.3174544+02:00
integration,design_creative,PASS,,3,2,"",2026-08-03T20:34:31.5020514+02:00
integration,writing_translation,PASS,,3,2,"",2026-08-03T20:34:33.8335212+02:00
integration,marketing,PASS,,3,2,"",2026-08-03T20:34:36.0138595+02:00
integration,sales,PASS,,3,2,"",2026-08-03T20:34:38.1497692+02:00
integration,admin_support,PASS,,3,2,"",2026-08-03T20:34:40.2776940+02:00
integration,customer_service,PASS,,3,2,"",2026-08-03T20:34:42.3969636+02:00
integration,business_consulting,PASS,,3,2,"",2026-08-03T20:34:44.5839210+02:00
integration,finance_accounting,PASS,,3,2,"",2026-08-03T20:34:46.8592384+02:00
integration,legal_services,PASS,,3,2,"",2026-08-03T20:34:49.4433541+02:00
integration,ecommerce,PASS,,3,2,"",2026-08-03T20:34:51.6680323+02:00
integration,engineering_architecture,PASS,,3,2,"",2026-08-03T20:34:53.8698398+02:00
integration,video_animation,PASS,,3,2,"",2026-08-03T20:34:56.0269103+02:00
integration,audio_music,PASS,,3,2,"",2026-08-03T20:34:58.1513188+02:00
integration,education_training,PASS,,3,2,"",2026-08-03T20:35:00.2794754+02:00
integration,hr_recruiting,PASS,,3,2,"",2026-08-03T20:35:02.4471205+02:00
integration,photography,PASS,,3,2,"",2026-08-03T20:35:04.7059477+02:00
integration,product_project_management,PASS,,3,2,"",2026-08-03T20:35:06.8375598+02:00
integration,engineering_science,PASS,,3,2,"",2026-08-03T20:35:09.2781230+02:00
integration,web3,PASS,,3,2,"",2026-08-03T20:35:11.4999658+02:00
integration,localization,PASS,,3,2,"",2026-08-03T20:35:13.8761184+02:00
integration,real_estate_services,PASS,,3,92,"",2026-08-03T20:45:46.3763524+02:00
integration,healthcare,PASS,,3,2,"",2026-08-03T20:45:48.8645832+02:00
integration,legal,PASS,,3,2,"",2026-08-03T20:45:51.0887705+02:00
integration,retail,PASS,,3,2,"",2026-08-03T20:45:53.2915945+02:00
integration,hospitality,PASS,,3,2,"",2026-08-03T20:45:55.4817117+02:00
integration,construction,PASS,,3,2,"",2026-08-03T20:45:57.6063954+02:00
integration,education,PASS,,3,2,"",2026-08-03T20:45:59.7837937+02:00
integration,finance,PASS,,3,2,"",2026-08-03T20:46:01.9721461+02:00
integration,logistics,PASS,,3,2,"",2026-08-03T20:46:04.3683081+02:00
integration,beauty,PASS,,3,2,"",2026-08-03T20:46:06.5408055+02:00
integration,fitness,PASS,,3,2,"",2026-08-03T20:46:08.7084458+02:00
integration,agriculture,PASS,,3,2,"",2026-08-03T20:46:10.8620755+02:00
integration,automotive,PASS,,3,2,"",2026-08-03T20:46:12.9960230+02:00
integration,real-estate,PASS,,3,2,"",2026-08-03T20:46:15.1493838+02:00
integration,manufacturing,PASS,,3,2,"",2026-08-03T20:46:17.4180142+02:00
integration,technology,PASS,,3,2,"",2026-08-03T20:46:19.6526163+02:00
integration,media,PASS,,3,2,"",2026-08-03T20:46:21.8618267+02:00
integration,nonprofit,PASS,,3,2,"",2026-08-03T20:46:24.1760034+02:00
integration,government,PASS,,3,2,"",2026-08-03T20:46:26.3451860+02:00
integration,energy,PASS,,3,2,"",2026-08-03T20:46:28.5073953+02:00
integration,travel,PASS,,3,2,"",2026-08-03T20:46:30.6390274+02:00
integration,professional,PASS,,3,2,"",2026-08-03T20:46:32.8134284+02:00
integration,entertainment,PASS,,3,2,"",2026-08-03T20:46:34.9237054+02:00
integration,home_services,PASS,,3,2,"",2026-08-03T20:46:37.0556494+02:00
integration,pets,PASS,,3,2,"",2026-08-03T20:46:39.2176640+02:00
integration,industrial,PASS,,3,2,"",2026-08-03T20:46:41.3799101+02:00
workflow-design,development_it,PASS,,2,2,"",2026-08-03T20:46:43.5461715+02:00
workflow-design,ai_data,PASS,,2,2,"",2026-08-03T20:46:45.7493465+02:00
workflow-design,design_creative,PASS,,2,2,"",2026-08-03T20:46:47.9713141+02:00
workflow-design,writing_translation,PASS,,2,2,"",2026-08-03T20:46:50.3717311+02:00
workflow-design,marketing,PASS,,2,2,"",2026-08-03T20:46:52.5760552+02:00
workflow-design,sales,PASS,,2,2,"",2026-08-03T20:46:54.8180918+02:00
workflow-design,admin_support,PASS,,2,2,"",2026-08-03T20:46:56.9422268+02:00
workflow-design,customer_service,PASS,,2,2,"",2026-08-03T20:46:59.0620059+02:00
workflow-design,business_consulting,PASS,,2,2,"",2026-08-03T20:47:01.2323339+02:00
workflow-design,finance_accounting,PASS,,2,2,"",2026-08-03T20:47:03.3649489+02:00
workflow-design,legal_services,PASS,,2,2,"",2026-08-03T20:47:05.6268177+02:00
workflow-design,ecommerce,PASS,,2,2,"",2026-08-03T20:47:07.8091980+02:00
workflow-design,engineering_architecture,PASS,,2,2,"",2026-08-03T20:47:09.9686618+02:00
workflow-design,video_animation,PASS,,2,2,"",2026-08-03T20:47:12.1090114+02:00
workflow-design,audio_music,PASS,,2,2,"",2026-08-03T20:47:14.5625042+02:00
workflow-design,education_training,PASS,,2,2,"",2026-08-03T20:47:16.8322708+02:00
workflow-design,hr_recruiting,PASS,,2,2,"",2026-08-03T20:47:19.0222686+02:00
workflow-design,photography,PASS,,2,2,"",2026-08-03T20:47:21.3089290+02:00
workflow-design,product_project_management,PASS,,2,2,"",2026-08-03T20:47:23.4346025+02:00
workflow-design,engineering_science,PASS,,2,2,"",2026-08-03T20:47:25.7670656+02:00
workflow-design,web3,PASS,,2,2,"",2026-08-03T20:47:27.9167284+02:00
workflow-design,localization,PASS,,2,2,"",2026-08-03T20:47:30.0621627+02:00
workflow-design,community_moderation,PASS,,2,2,"",2026-08-03T20:47:32.2139993+02:00
workflow-design,creator_services,PASS,,2,2,"",2026-08-03T20:47:34.4647647+02:00
workflow-design,real_estate_services,PASS,,2,2,"",2026-08-03T20:47:36.6786522+02:00
workflow-design,healthcare,PASS,,2,2,"",2026-08-03T20:47:38.8335801+02:00
workflow-design,legal,PASS,,2,2,"",2026-08-03T20:47:41.0186492+02:00
workflow-design,retail,PASS,,2,2,"",2026-08-03T20:47:43.1399220+02:00
workflow-design,hospitality,PASS,,2,2,"",2026-08-03T20:47:45.2632452+02:00
workflow-design,construction,PASS,,2,2,"",2026-08-03T20:47:47.3921422+02:00
workflow-design,education,PASS,,2,2,"",2026-08-03T20:47:49.5345963+02:00
workflow-design,finance,PASS,,2,2,"",2026-08-03T20:47:51.8108642+02:00
workflow-design,logistics,PASS,,2,2,"",2026-08-03T20:47:54.1361947+02:00
workflow-design,beauty,PASS,,2,2,"",2026-08-03T20:47:56.2966584+02:00
workflow-design,fitness,PASS,,2,2,"",2026-08-03T20:47:58.4841598+02:00
workflow-design,agriculture,PASS,,2,2,"",2026-08-03T20:48:00.6403754+02:00
workflow-design,automotive,PASS,,2,2,"",2026-08-03T20:48:02.8435259+02:00
workflow-design,real-estate,PASS,,2,2,"",2026-08-03T20:48:05.0865726+02:00
workflow-design,manufacturing,PASS,,2,2,"",2026-08-03T20:48:07.2587942+02:00
workflow-design,technology,PASS,,2,2,"",2026-08-03T20:48:09.3748283+02:00
workflow-design,media,PASS,,2,2,"",2026-08-03T20:48:11.5268653+02:00
workflow-design,nonprofit,PASS,,2,2,"",2026-08-03T20:48:13.6693276+02:00
workflow-design,government,PASS,,2,2,"",2026-08-03T20:48:15.8529818+02:00
workflow-design,energy,PASS,,2,2,"",2026-08-03T20:48:17.9839868+02:00
workflow-design,travel,PASS,,2,2,"",2026-08-03T20:48:20.1023276+02:00
workflow-design,professional,PASS,,2,2,"",2026-08-03T20:48:22.3457224+02:00
workflow-design,entertainment,PASS,,2,2,"",2026-08-03T20:48:24.6491497+02:00
workflow-design,home_services,PASS,,2,2,"",2026-08-03T20:48:26.8055086+02:00
workflow-design,pets,PASS,,2,2,"",2026-08-03T20:48:29.0886535+02:00
workflow-design,industrial,PASS,,2,2,"",2026-08-03T20:48:31.3293856+02:00
support-priority,development_it,PASS,,2,2,"",2026-08-03T20:48:33.5501563+02:00
support-priority,ai_data,PASS,,2,2,"",2026-08-03T20:48:35.8272088+02:00
support-priority,design_creative,PASS,,2,2,"",2026-08-03T20:48:37.9513899+02:00
support-priority,writing_translation,PASS,,2,2,"",2026-08-03T20:48:40.0786297+02:00
support-priority,marketing,PASS,,2,2,"",2026-08-03T20:48:42.2061388+02:00
support-priority,sales,PASS,,2,2,"",2026-08-03T20:48:44.4834841+02:00
support-priority,admin_support,PASS,,2,2,"",2026-08-03T20:48:46.6470550+02:00
support-priority,customer_service,PASS,,2,2,"",2026-08-03T20:48:48.7828960+02:00
support-priority,business_consulting,PASS,,2,2,"",2026-08-03T20:48:51.0863003+02:00
support-priority,finance_accounting,PASS,,2,2,"",2026-08-03T20:48:53.2845239+02:00
support-priority,legal_services,PASS,,2,2,"",2026-08-03T20:48:55.4606514+02:00
support-priority,ecommerce,PASS,,2,2,"",2026-08-03T20:48:57.6786968+02:00
support-priority,engineering_architecture,PASS,,2,2,"",2026-08-03T20:48:59.8163375+02:00
support-priority,video_animation,PASS,,2,2,"",2026-08-03T20:49:01.9900244+02:00
support-priority,audio_music,PASS,,2,3,"",2026-08-03T20:49:04.7673157+02:00
support-priority,education_training,PASS,,2,2,"",2026-08-03T20:49:07.0283007+02:00
support-priority,hr_recruiting,PASS,,2,2,"",2026-08-03T20:49:09.1615493+02:00
support-priority,photography,PASS,,2,2,"",2026-08-03T20:49:11.3078652+02:00
support-priority,product_project_management,PASS,,2,2,"",2026-08-03T20:49:13.4979772+02:00
support-priority,engineering_science,PASS,,2,2,"",2026-08-03T20:49:15.6615291+02:00
support-priority,web3,PASS,,2,2,"",2026-08-03T20:49:18.1594845+02:00
support-priority,localization,PASS,,2,2,"",2026-08-03T20:49:20.4179616+02:00
support-priority,community_moderation,PASS,,2,2,"",2026-08-03T20:49:22.8283258+02:00
support-priority,creator_services,PASS,,2,2,"",2026-08-03T20:49:24.9833212+02:00
support-priority,real_estate_services,PASS,,2,2,"",2026-08-03T20:49:27.1422211+02:00
support-priority,healthcare,PASS,,2,2,"",2026-08-03T20:49:29.2783911+02:00
support-priority,legal,PASS,,2,2,"",2026-08-03T20:49:31.4301898+02:00
support-priority,retail,PASS,,2,2,"",2026-08-03T20:49:33.6488806+02:00
support-priority,hospitality,PASS,,2,2,"",2026-08-03T20:49:35.9277134+02:00
support-priority,construction,PASS,,2,2,"",2026-08-03T20:49:38.0784753+02:00
support-priority,education,PASS,,2,2,"",2026-08-03T20:49:40.4442646+02:00
support-priority,finance,PASS,,2,2,"",2026-08-03T20:49:42.6955904+02:00
support-priority,logistics,PASS,,2,2,"",2026-08-03T20:49:44.9771407+02:00
support-priority,beauty,PASS,,2,2,"",2026-08-03T20:49:47.1274776+02:00
support-priority,fitness,PASS,,2,2,"",2026-08-03T20:49:49.3293384+02:00
support-priority,agriculture,PASS,,2,2,"",2026-08-03T20:49:51.4593520+02:00
support-priority,automotive,PASS,,2,2,"",2026-08-03T20:49:53.6927342+02:00
support-priority,real-estate,PASS,,2,2,"",2026-08-03T20:49:56.0219504+02:00
support-priority,manufacturing,PASS,,2,2,"",2026-08-03T20:49:58.2698716+02:00
support-priority,technology,PASS,,2,2,"",2026-08-03T20:50:00.4784457+02:00
support-priority,media,PASS,,2,2,"",2026-08-03T20:50:02.9250500+02:00
support-priority,nonprofit,PASS,,2,2,"",2026-08-03T20:50:05.2147795+02:00
support-priority,government,PASS,,2,2,"",2026-08-03T20:50:07.4218014+02:00
support-priority,energy,PASS,,2,2,"",2026-08-03T20:50:09.5795870+02:00
support-priority,travel,PASS,,2,2,"",2026-08-03T20:50:11.7067175+02:00
support-priority,professional,PASS,,2,2,"",2026-08-03T20:50:13.8629429+02:00
support-priority,entertainment,PASS,,2,2,"",2026-08-03T20:50:16.1131273+02:00
support-priority,home_services,PASS,,2,2,"",2026-08-03T20:50:18.2573319+02:00
support-priority,pets,PASS,,2,2,"",2026-08-03T20:50:20.3913985+02:00
support-dedicated,ai_data,PASS,,2,92,"",2026-08-03T21:00:52.7592985+02:00
support-dedicated,design_creative,PASS,,2,2,"",2026-08-03T21:00:54.9920645+02:00
support-dedicated,writing_translation,PASS,,2,2,"",2026-08-03T21:00:57.1631890+02:00
support-dedicated,marketing,PASS,,2,2,"",2026-08-03T21:00:59.3935508+02:00
support-dedicated,sales,PASS,,2,2,"",2026-08-03T21:01:01.6423421+02:00
support-dedicated,admin_support,PASS,,2,2,"",2026-08-03T21:01:03.8583305+02:00
support-dedicated,customer_service,PASS,,2,2,"",2026-08-03T21:01:06.0917162+02:00
support-dedicated,business_consulting,PASS,,2,2,"",2026-08-03T21:01:08.2751281+02:00
support-dedicated,finance_accounting,PASS,,2,2,"",2026-08-03T21:01:10.4375578+02:00
support-dedicated,legal_services,PASS,,2,2,"",2026-08-03T21:01:12.7258935+02:00
support-dedicated,ecommerce,PASS,,2,2,"",2026-08-03T21:01:14.9486175+02:00
support-dedicated,engineering_architecture,PASS,,2,2,"",2026-08-03T21:01:17.4253679+02:00
support-dedicated,video_animation,PASS,,2,2,"",2026-08-03T21:01:19.6552288+02:00
support-dedicated,audio_music,PASS,,2,2,"",2026-08-03T21:01:21.8126348+02:00
support-dedicated,education_training,PASS,,2,2,"",2026-08-03T21:01:24.1242026+02:00
support-dedicated,hr_recruiting,PASS,,2,2,"",2026-08-03T21:01:26.4634648+02:00
support-dedicated,photography,PASS,,2,2,"",2026-08-03T21:01:28.6401147+02:00
support-dedicated,product_project_management,PASS,,2,2,"",2026-08-03T21:01:30.7724936+02:00
support-dedicated,engineering_science,PASS,,2,2,"",2026-08-03T21:01:33.0922741+02:00
support-dedicated,web3,PASS,,2,2,"",2026-08-03T21:01:35.3922663+02:00
support-dedicated,localization,PASS,,2,2,"",2026-08-03T21:01:37.5205854+02:00
support-dedicated,community_moderation,PASS,,2,2,"",2026-08-03T21:01:39.6903100+02:00
support-dedicated,creator_services,PASS,,2,2,"",2026-08-03T21:01:41.8378776+02:00
support-dedicated,real_estate_services,PASS,,2,2,"",2026-08-03T21:01:44.0079915+02:00
support-dedicated,healthcare,PASS,,2,2,"",2026-08-03T21:01:46.1929706+02:00
support-dedicated,legal,PASS,,2,2,"",2026-08-03T21:01:48.4259703+02:00
support-dedicated,retail,PASS,,2,2,"",2026-08-03T21:01:50.5722519+02:00
support-dedicated,hospitality,PASS,,2,2,"",2026-08-03T21:01:52.9546256+02:00
support-dedicated,construction,PASS,,2,2,"",2026-08-03T21:01:55.3389695+02:00
support-dedicated,education,PASS,,2,2,"",2026-08-03T21:01:57.4735701+02:00
support-dedicated,finance,PASS,,2,2,"",2026-08-03T21:01:59.6504991+02:00
support-dedicated,logistics,PASS,,2,2,"",2026-08-03T21:02:01.8055372+02:00
support-dedicated,beauty,PASS,,2,2,"",2026-08-03T21:02:04.0672006+02:00
support-dedicated,fitness,PASS,,2,2,"",2026-08-03T21:02:06.3056354+02:00
support-dedicated,agriculture,PASS,,2,2,"",2026-08-03T21:02:08.4885379+02:00
support-dedicated,automotive,PASS,,2,2,"",2026-08-03T21:02:10.7048549+02:00
support-dedicated,real-estate,PASS,,2,3,"",2026-08-03T21:02:13.4090075+02:00
support-dedicated,manufacturing,PASS,,2,2,"",2026-08-03T21:02:15.7247993+02:00
support-dedicated,technology,PASS,,2,2,"",2026-08-03T21:02:18.1100028+02:00
support-dedicated,media,PASS,,2,2,"",2026-08-03T21:02:20.6006832+02:00
support-dedicated,nonprofit,PASS,,2,2,"",2026-08-03T21:02:22.9889113+02:00
support-dedicated,government,PASS,,2,2,"",2026-08-03T21:02:25.2601085+02:00
support-dedicated,energy,PASS,,2,2,"",2026-08-03T21:02:27.5409330+02:00
support-dedicated,travel,PASS,,2,2,"",2026-08-03T21:02:29.7395755+02:00
support-dedicated,professional,PASS,,2,2,"",2026-08-03T21:02:32.1646096+02:00
support-dedicated,entertainment,PASS,,2,2,"",2026-08-03T21:02:34.4443171+02:00
support-dedicated,home_services,PASS,,2,2,"",2026-08-03T21:02:36.7537438+02:00
support-dedicated,pets,PASS,,2,2,"",2026-08-03T21:02:38.9174429+02:00
support-dedicated,industrial,PASS,,2,2,"",2026-08-03T21:02:41.1306006+02:00
landing,development_it,PASS,,0,2,"",2026-08-03T21:02:43.4952014+02:00
landing,ai_data,PASS,,0,2,"",2026-08-03T21:02:45.8068743+02:00
landing,design_creative,PASS,,0,2,"",2026-08-03T21:02:48.0586656+02:00
landing,writing_translation,PASS,,0,2,"",2026-08-03T21:02:50.2390528+02:00
landing,marketing,PASS,,0,2,"",2026-08-03T21:02:52.5595928+02:00
landing,sales,PASS,,0,2,"",2026-08-03T21:02:54.7842516+02:00
landing,admin_support,PASS,,0,2,"",2026-08-03T21:02:56.9927563+02:00
landing,customer_service,PASS,,0,2,"",2026-08-03T21:02:59.1443642+02:00
landing,business_consulting,PASS,,0,2,"",2026-08-03T21:03:01.3675526+02:00
landing,finance_accounting,PASS,,0,2,"",2026-08-03T21:03:03.5730232+02:00
landing,legal_services,PASS,,0,2,"",2026-08-03T21:03:05.9250871+02:00
landing,ecommerce,PASS,,0,2,"",2026-08-03T21:03:08.1099221+02:00
landing,engineering_architecture,PASS,,0,2,"",2026-08-03T21:03:10.2910506+02:00
landing,video_animation,PASS,,0,2,"",2026-08-03T21:03:12.4912218+02:00
landing,audio_music,PASS,,0,2,"",2026-08-03T21:03:14.7266423+02:00
landing,education_training,PASS,,0,2,"",2026-08-03T21:03:16.9616005+02:00
landing,hr_recruiting,PASS,,0,2,"",2026-08-03T21:03:19.1103567+02:00
landing,photography,PASS,,0,2,"",2026-08-03T21:03:21.3578970+02:00
landing,product_project_management,PASS,,0,2,"",2026-08-03T21:03:23.5055772+02:00
landing,engineering_science,PASS,,0,2,"",2026-08-03T21:03:25.7823387+02:00
landing,web3,PASS,,0,2,"",2026-08-03T21:03:28.1853551+02:00
landing,localization,PASS,,0,2,"",2026-08-03T21:03:30.4678773+02:00
landing,community_moderation,PASS,,0,3,"",2026-08-03T21:03:33.0513507+02:00
landing,creator_services,PASS,,0,2,"",2026-08-03T21:03:35.5567763+02:00
landing,real_estate_services,PASS,,0,2,"",2026-08-03T21:03:37.7380197+02:00
landing,healthcare,PASS,,0,2,"",2026-08-03T21:03:40.0226843+02:00
landing,legal,PASS,,0,2,"",2026-08-03T21:03:42.2086906+02:00
landing,retail,PASS,,0,2,"",2026-08-03T21:03:44.5239917+02:00
landing,hospitality,PASS,,0,2,"",2026-08-03T21:03:46.7944722+02:00
landing,construction,PASS,,0,2,"",2026-08-03T21:03:48.9782651+02:00
landing,education,PASS,,0,2,"",2026-08-03T21:03:51.1230245+02:00
landing,finance,PASS,,0,2,"",2026-08-03T21:03:53.5385932+02:00
landing,logistics,PASS,,0,4,"",2026-08-03T21:03:57.9973755+02:00
landing,beauty,PASS,,0,2,"",2026-08-03T21:04:00.1264099+02:00
landing,fitness,PASS,,0,2,"",2026-08-03T21:04:02.5533460+02:00
landing,agriculture,PASS,,0,2,"",2026-08-03T21:04:04.8188811+02:00
landing,automotive,PASS,,0,2,"",2026-08-03T21:04:07.0735229+02:00
landing,real-estate,PASS,,0,2,"",2026-08-03T21:04:09.2917145+02:00
landing,manufacturing,PASS,,0,2,"",2026-08-03T21:04:11.5234854+02:00
landing,technology,PASS,,0,2,"",2026-08-03T21:04:13.6937273+02:00
landing,media,PASS,,0,2,"",2026-08-03T21:04:15.9044935+02:00
landing,nonprofit,PASS,,0,2,"",2026-08-03T21:04:18.0391714+02:00
landing,government,PASS,,0,2,"",2026-08-03T21:04:20.2219900+02:00
landing,energy,PASS,,0,2,"",2026-08-03T21:04:22.4338367+02:00
landing,travel,PASS,,0,2,"",2026-08-03T21:04:24.6649566+02:00
landing,professional,PASS,,0,2,"",2026-08-03T21:04:26.9121671+02:00
landing,entertainment,PASS,,0,2,"",2026-08-03T21:04:29.1003832+02:00
landing,home_services,PASS,,0,2,"",2026-08-03T21:04:31.3158002+02:00
landing,pets,PASS,,0,2,"",2026-08-03T21:04:33.5707453+02:00
landing,industrial,PASS,,0,2,"",2026-08-03T21:04:35.8644670+02:00
website-business,development_it,PASS,,0,2,"",2026-08-03T21:04:38.3419047+02:00
website-business,ai_data,PASS,,0,2,"",2026-08-03T21:04:40.6707790+02:00
website-business,design_creative,PASS,,0,2,"",2026-08-03T21:04:43.0761074+02:00
website-business,writing_translation,PASS,,0,2,"",2026-08-03T21:04:45.3253889+02:00
website-business,marketing,PASS,,0,2,"",2026-08-03T21:04:47.6269704+02:00
website-business,sales,PASS,,0,2,"",2026-08-03T21:04:49.8390010+02:00
website-business,admin_support,PASS,,0,2,"",2026-08-03T21:04:52.0551883+02:00
website-business,customer_service,PASS,,0,2,"",2026-08-03T21:04:54.3017316+02:00
website-business,business_consulting,PASS,,0,2,"",2026-08-03T21:04:57.0924573+02:00
website-business,finance_accounting,PASS,,0,2,"",2026-08-03T21:04:59.2434599+02:00
website-business,legal_services,PASS,,0,2,"",2026-08-03T21:05:01.4921787+02:00
website-business,ecommerce,PASS,,0,2,"",2026-08-03T21:05:03.7968010+02:00
website-business,engineering_architecture,PASS,,0,2,"",2026-08-03T21:05:05.9775582+02:00
website-business,video_animation,PASS,,0,2,"",2026-08-03T21:05:08.2934750+02:00
website-business,audio_music,PASS,,0,2,"",2026-08-03T21:05:10.6061408+02:00
website-business,education_training,PASS,,0,2,"",2026-08-03T21:05:12.9562678+02:00
website-business,hr_recruiting,PASS,,0,2,"",2026-08-03T21:05:15.4006884+02:00
website-business,photography,PASS,,0,2,"",2026-08-03T21:05:17.7439534+02:00
website-business,product_project_management,PASS,,0,2,"",2026-08-03T21:05:19.9760519+02:00
website-business,engineering_science,PASS,,0,2,"",2026-08-03T21:05:22.1327212+02:00
website-business,web3,PASS,,0,2,"",2026-08-03T21:05:24.6401099+02:00
website-business,localization,PASS,,0,2,"",2026-08-03T21:05:27.1722506+02:00
website-business,community_moderation,PASS,,0,2,"",2026-08-03T21:05:29.5413773+02:00
website-business,creator_services,PASS,,0,2,"",2026-08-03T21:05:31.7053829+02:00
website-business,real_estate_services,PASS,,0,2,"",2026-08-03T21:05:33.8528155+02:00
website-business,hospitality,PASS,,0,92,"",2026-08-03T21:16:08.7155266+02:00
website-business,construction,PASS,,0,2,"",2026-08-03T21:16:10.9349431+02:00
website-business,education,PASS,,0,2,"",2026-08-03T21:16:13.2649887+02:00
website-business,finance,PASS,,0,3,"",2026-08-03T21:16:15.8855249+02:00
website-business,logistics,PASS,,0,2,"",2026-08-03T21:16:18.2289581+02:00
website-business,beauty,PASS,,0,2,"",2026-08-03T21:16:20.4276784+02:00
website-business,fitness,PASS,,0,2,"",2026-08-03T21:16:22.5472760+02:00
website-business,agriculture,PASS,,0,2,"",2026-08-03T21:16:24.7298038+02:00
website-business,automotive,PASS,,0,2,"",2026-08-03T21:16:26.9338950+02:00
website-business,real-estate,PASS,,0,2,"",2026-08-03T21:16:29.0644811+02:00
website-business,manufacturing,PASS,,0,2,"",2026-08-03T21:16:31.2049272+02:00
website-business,technology,PASS,,0,2,"",2026-08-03T21:16:33.5242367+02:00
website-business,media,PASS,,0,2,"",2026-08-03T21:16:35.9990104+02:00
website-business,nonprofit,PASS,,0,2,"",2026-08-03T21:16:38.1312332+02:00
website-business,government,PASS,,0,2,"",2026-08-03T21:16:40.2493714+02:00
website-business,energy,PASS,,0,2,"",2026-08-03T21:16:42.4087319+02:00
website-business,travel,PASS,,0,3,"",2026-08-03T21:16:45.0840393+02:00
website-business,professional,PASS,,0,2,"",2026-08-03T21:16:47.2910102+02:00
website-business,entertainment,PASS,,0,2,"",2026-08-03T21:16:49.4110755+02:00
website-business,home_services,PASS,,0,2,"",2026-08-03T21:16:51.5430410+02:00
website-business,pets,PASS,,0,2,"",2026-08-03T21:16:53.7404693+02:00
website-business,industrial,PASS,,0,2,"",2026-08-03T21:16:56.0421194+02:00
website-ecommerce,development_it,PASS,,0,2,"",2026-08-03T21:16:58.1698743+02:00
website-ecommerce,ai_data,PASS,,0,2,"",2026-08-03T21:17:00.3926558+02:00
website-ecommerce,design_creative,PASS,,0,2,"",2026-08-03T21:17:02.6984586+02:00
website-ecommerce,writing_translation,PASS,,0,2,"",2026-08-03T21:17:05.1241224+02:00
website-ecommerce,marketing,PASS,,0,2,"",2026-08-03T21:17:07.4620500+02:00
website-ecommerce,sales,PASS,,0,2,"",2026-08-03T21:17:09.6664416+02:00
website-ecommerce,admin_support,PASS,,0,2,"",2026-08-03T21:17:11.7897072+02:00
website-ecommerce,customer_service,PASS,,0,2,"",2026-08-03T21:17:13.9368564+02:00
website-ecommerce,business_consulting,PASS,,0,2,"",2026-08-03T21:17:16.2012161+02:00
website-ecommerce,finance_accounting,PASS,,0,2,"",2026-08-03T21:17:18.4634012+02:00
website-ecommerce,legal_services,PASS,,0,2,"",2026-08-03T21:17:20.6635879+02:00
website-ecommerce,ecommerce,PASS,,0,2,"",2026-08-03T21:17:22.7854538+02:00
website-ecommerce,engineering_architecture,PASS,,0,2,"",2026-08-03T21:17:24.9312686+02:00
website-ecommerce,video_animation,PASS,,0,2,"",2026-08-03T21:17:27.1705660+02:00
website-ecommerce,audio_music,PASS,,0,2,"",2026-08-03T21:17:29.2771654+02:00
website-ecommerce,education_training,PASS,,0,2,"",2026-08-03T21:17:31.3839243+02:00
website-ecommerce,hr_recruiting,PASS,,0,2,"",2026-08-03T21:17:33.7082553+02:00
website-ecommerce,photography,PASS,,0,4,"",2026-08-03T21:17:37.9631601+02:00
website-ecommerce,product_project_management,PASS,,0,2,"",2026-08-03T21:17:40.1134586+02:00
website-ecommerce,engineering_science,PASS,,0,2,"",2026-08-03T21:17:42.2257489+02:00
website-ecommerce,web3,PASS,,0,2,"",2026-08-03T21:17:44.3482270+02:00
website-ecommerce,localization,PASS,,0,2,"",2026-08-03T21:17:46.5558900+02:00
website-ecommerce,community_moderation,PASS,,0,2,"",2026-08-03T21:17:48.6947133+02:00
website-ecommerce,creator_services,PASS,,0,2,"",2026-08-03T21:17:50.8498172+02:00
website-ecommerce,real_estate_services,PASS,,0,2,"",2026-08-03T21:17:53.0104773+02:00
website-ecommerce,healthcare,PASS,,0,2,"",2026-08-03T21:17:55.1402269+02:00
website-ecommerce,legal,PASS,,0,2,"",2026-08-03T21:17:57.3963680+02:00
website-ecommerce,retail,PASS,,0,2,"",2026-08-03T21:17:59.5318571+02:00
website-ecommerce,hospitality,PASS,,0,2,"",2026-08-03T21:18:01.6901199+02:00
website-ecommerce,construction,PASS,,0,2,"",2026-08-03T21:18:04.1982742+02:00
website-ecommerce,education,PASS,,0,2,"",2026-08-03T21:18:06.4239007+02:00
website-ecommerce,finance,PASS,,0,2,"",2026-08-03T21:18:08.5624185+02:00
website-ecommerce,logistics,PASS,,0,2,"",2026-08-03T21:18:10.6929446+02:00
website-ecommerce,beauty,PASS,,0,2,"",2026-08-03T21:18:12.8720789+02:00
website-ecommerce,fitness,PASS,,0,2,"",2026-08-03T21:18:15.1029828+02:00
website-ecommerce,agriculture,PASS,,0,2,"",2026-08-03T21:18:17.2354193+02:00
website-ecommerce,automotive,PASS,,0,2,"",2026-08-03T21:18:19.3702075+02:00
website-ecommerce,real-estate,PASS,,0,2,"",2026-08-03T21:18:21.5044380+02:00
website-ecommerce,manufacturing,PASS,,0,2,"",2026-08-03T21:18:23.6865238+02:00
website-ecommerce,technology,PASS,,0,2,"",2026-08-03T21:18:26.1130219+02:00
website-ecommerce,media,PASS,,0,2,"",2026-08-03T21:18:28.3052215+02:00
website-ecommerce,nonprofit,PASS,,0,2,"",2026-08-03T21:18:30.4976483+02:00
website-ecommerce,government,PASS,,0,2,"",2026-08-03T21:18:32.6732818+02:00
website-ecommerce,energy,PASS,,0,2,"",2026-08-03T21:18:34.8629815+02:00
website-ecommerce,travel,PASS,,0,2,"",2026-08-03T21:18:37.0803664+02:00
website-ecommerce,professional,PASS,,0,2,"",2026-08-03T21:18:39.3225192+02:00
website-ecommerce,entertainment,PASS,,0,2,"",2026-08-03T21:18:41.7052833+02:00
website-ecommerce,home_services,PASS,,0,2,"",2026-08-03T21:18:43.9016027+02:00
website-ecommerce,pets,PASS,,0,5,"",2026-08-03T21:18:48.5390305+02:00
website-ecommerce,industrial,PASS,,0,4,"",2026-08-03T21:18:52.7011324+02:00
white-label-setup,development_it,PASS,,2,2,"",2026-08-03T21:18:54.8239392+02:00
white-label-setup,ai_data,PASS,,2,2,"",2026-08-03T21:18:57.1139663+02:00
white-label-setup,design_creative,PASS,,2,2,"",2026-08-03T21:18:59.2724513+02:00
white-label-setup,writing_translation,PASS,,2,2,"",2026-08-03T21:19:01.3962319+02:00
white-label-setup,marketing,PASS,,2,2,"",2026-08-03T21:19:03.6438806+02:00
white-label-setup,sales,PASS,,2,2,"",2026-08-03T21:19:06.2356491+02:00
white-label-setup,admin_support,PASS,,2,2,"",2026-08-03T21:19:08.3782080+02:00
white-label-setup,customer_service,PASS,,2,2,"",2026-08-03T21:19:10.4935277+02:00
white-label-setup,business_consulting,PASS,,2,2,"",2026-08-03T21:19:12.6764796+02:00
white-label-setup,finance_accounting,PASS,,2,2,"",2026-08-03T21:19:14.8967828+02:00
white-label-setup,legal_services,PASS,,2,2,"",2026-08-03T21:19:17.3480787+02:00
white-label-setup,ecommerce,PASS,,2,2,"",2026-08-03T21:19:19.4969809+02:00
white-label-setup,engineering_architecture,PASS,,2,2,"",2026-08-03T21:19:21.6873346+02:00
white-label-setup,video_animation,PASS,,2,2,"",2026-08-03T21:19:24.0006721+02:00
white-label-setup,audio_music,PASS,,2,2,"",2026-08-03T21:19:26.3476107+02:00
white-label-setup,education_training,PASS,,2,2,"",2026-08-03T21:19:28.5026400+02:00
white-label-setup,hr_recruiting,PASS,,2,2,"",2026-08-03T21:19:30.6487012+02:00
white-label-setup,photography,PASS,,2,2,"",2026-08-03T21:19:32.7824825+02:00
white-label-setup,product_project_management,PASS,,2,2,"",2026-08-03T21:19:35.0187289+02:00
white-label-setup,engineering_science,PASS,,2,2,"",2026-08-03T21:19:37.3305741+02:00
white-label-setup,web3,PASS,,2,2,"",2026-08-03T21:19:39.4473357+02:00
white-label-setup,localization,PASS,,2,2,"",2026-08-03T21:19:41.5790085+02:00
white-label-setup,community_moderation,PASS,,2,2,"",2026-08-03T21:19:43.9406728+02:00
white-label-setup,creator_services,PASS,,2,2,"",2026-08-03T21:19:46.2101479+02:00
white-label-setup,real_estate_services,PASS,,2,2,"",2026-08-03T21:19:48.3364434+02:00
white-label-setup,healthcare,PASS,,2,2,"",2026-08-03T21:19:50.4935383+02:00
white-label-setup,legal,PASS,,2,2,"",2026-08-03T21:19:52.7217302+02:00
white-label-setup,retail,PASS,,2,2,"",2026-08-03T21:19:54.9452783+02:00
white-label-setup,hospitality,PASS,,2,2,"",2026-08-03T21:19:57.1336729+02:00
white-label-setup,construction,PASS,,2,2,"",2026-08-03T21:19:59.4149247+02:00
white-label-setup,education,PASS,,2,2,"",2026-08-03T21:20:01.6499434+02:00
white-label-setup,finance,PASS,,2,4,"",2026-08-03T21:20:05.7927646+02:00
white-label-setup,logistics,PASS,,2,2,"",2026-08-03T21:20:07.9109225+02:00
white-label-setup,beauty,PASS,,2,2,"",2026-08-03T21:20:10.0444543+02:00
white-label-setup,fitness,PASS,,2,2,"",2026-08-03T21:20:12.1642659+02:00
white-label-setup,agriculture,PASS,,2,2,"",2026-08-03T21:20:14.5701655+02:00
white-label-setup,automotive,PASS,,2,2,"",2026-08-03T21:20:16.8487972+02:00
white-label-setup,real-estate,PASS,,2,2,"",2026-08-03T21:20:19.1132522+02:00
white-label-setup,manufacturing,PASS,,2,2,"",2026-08-03T21:20:21.4397525+02:00
white-label-setup,technology,PASS,,2,2,"",2026-08-03T21:20:23.7443485+02:00
white-label-setup,media,PASS,,2,2,"",2026-08-03T21:20:26.2648834+02:00
white-label-setup,nonprofit,PASS,,2,2,"",2026-08-03T21:20:28.5005630+02:00
white-label-setup,government,PASS,,2,2,"",2026-08-03T21:20:30.8113829+02:00
white-label-setup,energy,PASS,,2,2,"",2026-08-03T21:20:32.9598781+02:00
white-label-setup,travel,PASS,,2,2,"",2026-08-03T21:20:35.1777714+02:00
white-label-setup,professional,PASS,,2,2,"",2026-08-03T21:20:37.3398632+02:00
white-label-setup,entertainment,PASS,,2,2,"",2026-08-03T21:20:39.5245360+02:00
white-label-setup,home_services,PASS,,2,2,"",2026-08-03T21:20:41.7128141+02:00
white-label-setup,pets,PASS,,2,2,"",2026-08-03T21:20:43.8778677+02:00
white-label-setup,industrial,PASS,,2,2,"",2026-08-03T21:20:46.2917307+02:00
sales-enablement,development_it,PASS,,2,2,"",2026-08-03T21:20:48.5220694+02:00
sales-enablement,ai_data,PASS,,2,2,"",2026-08-03T21:20:50.9108114+02:00
sales-enablement,marketing,PASS,,2,92,"",2026-08-03T21:31:23.4203900+02:00
sales-enablement,sales,PASS,,2,2,"",2026-08-03T21:31:25.6077832+02:00
sales-enablement,admin_support,PASS,,2,2,"",2026-08-03T21:31:27.7759410+02:00
sales-enablement,customer_service,PASS,,2,2,"",2026-08-03T21:31:29.9770817+02:00
sales-enablement,business_consulting,PASS,,2,2,"",2026-08-03T21:31:32.2700249+02:00
sales-enablement,finance_accounting,PASS,,2,2,"",2026-08-03T21:31:34.4383535+02:00
sales-enablement,legal_services,PASS,,2,2,"",2026-08-03T21:31:36.6286531+02:00
sales-enablement,ecommerce,PASS,,2,2,"",2026-08-03T21:31:38.7702801+02:00
sales-enablement,engineering_architecture,PASS,,2,2,"",2026-08-03T21:31:40.9138719+02:00
sales-enablement,video_animation,PASS,,2,2,"",2026-08-03T21:31:43.0700650+02:00
sales-enablement,audio_music,PASS,,2,2,"",2026-08-03T21:31:45.2534978+02:00
sales-enablement,education_training,PASS,,2,2,"",2026-08-03T21:31:47.4069054+02:00
sales-enablement,hr_recruiting,PASS,,2,2,"",2026-08-03T21:31:49.5242531+02:00
sales-enablement,photography,PASS,,2,2,"",2026-08-03T21:31:51.7493590+02:00
sales-enablement,product_project_management,PASS,,2,2,"",2026-08-03T21:31:53.9954671+02:00
sales-enablement,engineering_science,PASS,,2,2,"",2026-08-03T21:31:56.2648509+02:00
sales-enablement,web3,PASS,,2,2,"",2026-08-03T21:31:58.3768858+02:00
sales-enablement,localization,PASS,,2,2,"",2026-08-03T21:32:00.5035571+02:00
sales-enablement,community_moderation,PASS,,2,2,"",2026-08-03T21:32:02.6070998+02:00
sales-enablement,creator_services,PASS,,2,2,"",2026-08-03T21:32:04.7277470+02:00
sales-enablement,real_estate_services,PASS,,2,2,"",2026-08-03T21:32:06.9226910+02:00
sales-enablement,healthcare,PASS,,2,2,"",2026-08-03T21:32:09.0561740+02:00
sales-enablement,legal,PASS,,2,2,"",2026-08-03T21:32:11.1525547+02:00
sales-enablement,retail,PASS,,2,2,"",2026-08-03T21:32:13.2676771+02:00
sales-enablement,hospitality,PASS,,2,2,"",2026-08-03T21:32:15.4058883+02:00
sales-enablement,construction,PASS,,2,2,"",2026-08-03T21:32:17.5538219+02:00
sales-enablement,education,PASS,,2,2,"",2026-08-03T21:32:19.9924142+02:00
sales-enablement,finance,PASS,,2,2,"",2026-08-03T21:32:22.2071353+02:00
sales-enablement,logistics,PASS,,2,2,"",2026-08-03T21:32:24.3086157+02:00
sales-enablement,beauty,PASS,,2,2,"",2026-08-03T21:32:26.4484815+02:00
sales-enablement,fitness,PASS,,2,2,"",2026-08-03T21:32:28.5354384+02:00
sales-enablement,agriculture,PASS,,2,2,"",2026-08-03T21:32:30.6956762+02:00
sales-enablement,automotive,PASS,,2,2,"",2026-08-03T21:32:32.8070706+02:00
sales-enablement,real-estate,PASS,,2,2,"",2026-08-03T21:32:34.9051700+02:00
sales-enablement,manufacturing,PASS,,2,2,"",2026-08-03T21:32:37.0382381+02:00
sales-enablement,technology,PASS,,2,2,"",2026-08-03T21:32:39.2221169+02:00
sales-enablement,media,PASS,,2,2,"",2026-08-03T21:32:41.5625266+02:00
sales-enablement,nonprofit,PASS,,2,2,"",2026-08-03T21:32:43.7451977+02:00
sales-enablement,government,PASS,,2,2,"",2026-08-03T21:32:45.8566763+02:00
sales-enablement,energy,PASS,,2,2,"",2026-08-03T21:32:48.0656751+02:00
sales-enablement,travel,PASS,,2,2,"",2026-08-03T21:32:50.2725368+02:00
sales-enablement,professional,PASS,,2,2,"",2026-08-03T21:32:52.4121760+02:00
sales-enablement,entertainment,PASS,,2,2,"",2026-08-03T21:32:54.6593057+02:00
sales-enablement,home_services,PASS,,2,2,"",2026-08-03T21:32:56.8903816+02:00
sales-enablement,pets,PASS,,2,2,"",2026-08-03T21:32:59.0158862+02:00
sales-enablement,industrial,PASS,,2,2,"",2026-08-03T21:33:01.0973423+02:00
vertical-package,development_it,PASS,,2,2,"",2026-08-03T21:33:03.1736836+02:00
vertical-package,ai_data,PASS,,2,2,"",2026-08-03T21:33:05.2660940+02:00
vertical-package,design_creative,PASS,,2,2,"",2026-08-03T21:33:07.3892925+02:00
vertical-package,writing_translation,PASS,,2,2,"",2026-08-03T21:33:09.4845059+02:00
vertical-package,marketing,PASS,,2,2,"",2026-08-03T21:33:11.6118316+02:00
vertical-package,sales,PASS,,2,2,"",2026-08-03T21:33:13.7275775+02:00
vertical-package,admin_support,PASS,,2,2,"",2026-08-03T21:33:15.8452483+02:00
vertical-package,customer_service,PASS,,2,2,"",2026-08-03T21:33:17.9752880+02:00
vertical-package,business_consulting,PASS,,2,2,"",2026-08-03T21:33:20.0847447+02:00
vertical-package,finance_accounting,PASS,,2,2,"",2026-08-03T21:33:22.2416290+02:00
vertical-package,legal_services,PASS,,2,2,"",2026-08-03T21:33:24.3374778+02:00
vertical-package,ecommerce,PASS,,2,2,"",2026-08-03T21:33:26.5287737+02:00
vertical-package,engineering_architecture,PASS,,2,2,"",2026-08-03T21:33:28.6253907+02:00
vertical-package,video_animation,PASS,,2,2,"",2026-08-03T21:33:30.7778166+02:00
vertical-package,audio_music,PASS,,2,2,"",2026-08-03T21:33:32.9371006+02:00
vertical-package,education_training,PASS,,2,2,"",2026-08-03T21:33:35.1411214+02:00
vertical-package,hr_recruiting,PASS,,2,2,"",2026-08-03T21:33:37.3609117+02:00
vertical-package,photography,PASS,,2,2,"",2026-08-03T21:33:39.4523424+02:00
vertical-package,product_project_management,PASS,,2,2,"",2026-08-03T21:33:41.5474913+02:00
vertical-package,engineering_science,PASS,,2,2,"",2026-08-03T21:33:43.7037474+02:00
vertical-package,web3,PASS,,2,2,"",2026-08-03T21:33:45.8160909+02:00
vertical-package,localization,PASS,,2,2,"",2026-08-03T21:33:47.9093292+02:00
vertical-package,community_moderation,PASS,,2,2,"",2026-08-03T21:33:50.0063326+02:00
vertical-package,creator_services,PASS,,2,2,"",2026-08-03T21:33:52.2180022+02:00
vertical-package,real_estate_services,PASS,,2,2,"",2026-08-03T21:33:54.3677319+02:00
vertical-package,healthcare,PASS,,2,2,"",2026-08-03T21:33:56.6086576+02:00
vertical-package,legal,PASS,,2,2,"",2026-08-03T21:33:58.7927469+02:00
vertical-package,retail,PASS,,2,2,"",2026-08-03T21:34:00.8883672+02:00
vertical-package,hospitality,PASS,,2,2,"",2026-08-03T21:34:03.0402690+02:00
vertical-package,construction,PASS,,2,2,"",2026-08-03T21:34:05.1572752+02:00
vertical-package,education,PASS,,2,2,"",2026-08-03T21:34:07.2630296+02:00
vertical-package,finance,PASS,,2,2,"",2026-08-03T21:34:09.3452002+02:00
vertical-package,logistics,PASS,,2,2,"",2026-08-03T21:34:11.4587820+02:00
vertical-package,beauty,PASS,,2,2,"",2026-08-03T21:34:13.5857071+02:00
vertical-package,fitness,PASS,,2,2,"",2026-08-03T21:34:15.7769598+02:00
vertical-package,agriculture,PASS,,2,2,"",2026-08-03T21:34:18.0419215+02:00
vertical-package,automotive,PASS,,2,2,"",2026-08-03T21:34:20.2747041+02:00
vertical-package,real-estate,PASS,,2,2,"",2026-08-03T21:34:22.3615386+02:00
vertical-package,manufacturing,PASS,,2,2,"",2026-08-03T21:34:24.6262225+02:00
vertical-package,technology,PASS,,2,2,"",2026-08-03T21:34:26.8919433+02:00
vertical-package,media,PASS,,2,2,"",2026-08-03T21:34:29.0128041+02:00
vertical-package,nonprofit,PASS,,2,2,"",2026-08-03T21:34:31.1109503+02:00
vertical-package,government,PASS,,2,2,"",2026-08-03T21:34:33.2186506+02:00
vertical-package,energy,PASS,,2,2,"",2026-08-03T21:34:35.4716349+02:00
vertical-package,travel,PASS,,2,2,"",2026-08-03T21:34:37.9297623+02:00
vertical-package,professional,PASS,,2,2,"",2026-08-03T21:34:40.0315107+02:00
vertical-package,entertainment,PASS,,2,2,"",2026-08-03T21:34:42.1497160+02:00
vertical-package,home_services,PASS,,2,2,"",2026-08-03T21:34:44.2648987+02:00
vertical-package,pets,PASS,,2,2,"",2026-08-03T21:34:46.4897726+02:00
vertical-package,industrial,PASS,,2,2,"",2026-08-03T21:34:48.6875786+02:00
lead-gen-retainer,development_it,PASS,,3,2,"",2026-08-03T21:34:50.7958938+02:00
lead-gen-retainer,ai_data,PASS,,3,2,"",2026-08-03T21:34:53.0103809+02:00
lead-gen-retainer,design_creative,PASS,,3,2,"",2026-08-03T21:34:55.1940070+02:00
lead-gen-retainer,writing_translation,PASS,,3,2,"",2026-08-03T21:34:57.7128694+02:00
lead-gen-retainer,marketing,PASS,,3,2,"",2026-08-03T21:34:59.9109024+02:00
lead-gen-retainer,sales,PASS,,3,2,"",2026-08-03T21:35:02.2216221+02:00
lead-gen-retainer,admin_support,PASS,,3,2,"",2026-08-03T21:35:04.4014171+02:00
lead-gen-retainer,customer_service,PASS,,3,2,"",2026-08-03T21:35:06.9986174+02:00
lead-gen-retainer,business_consulting,PASS,,3,2,"",2026-08-03T21:35:09.1743187+02:00
lead-gen-retainer,finance_accounting,PASS,,3,2,"",2026-08-03T21:35:11.3774993+02:00
lead-gen-retainer,legal_services,PASS,,3,2,"",2026-08-03T21:35:13.6085681+02:00
lead-gen-retainer,ecommerce,PASS,,3,2,"",2026-08-03T21:35:15.7973953+02:00
lead-gen-retainer,engineering_architecture,PASS,,3,2,"",2026-08-03T21:35:18.1565512+02:00
lead-gen-retainer,video_animation,PASS,,3,2,"",2026-08-03T21:35:20.3690484+02:00
lead-gen-retainer,audio_music,PASS,,3,2,"",2026-08-03T21:35:22.6298332+02:00
lead-gen-retainer,education_training,PASS,,3,3,"",2026-08-03T21:35:25.3102517+02:00
lead-gen-retainer,hr_recruiting,PASS,,3,2,"",2026-08-03T21:35:27.8249783+02:00
lead-gen-retainer,photography,PASS,,3,2,"",2026-08-03T21:35:30.1653118+02:00
lead-gen-retainer,product_project_management,PASS,,3,2,"",2026-08-03T21:35:32.3507565+02:00
lead-gen-retainer,engineering_science,PASS,,3,2,"",2026-08-03T21:35:34.6025414+02:00
lead-gen-retainer,web3,PASS,,3,2,"",2026-08-03T21:35:36.8998560+02:00
lead-gen-retainer,localization,PASS,,3,2,"",2026-08-03T21:35:39.1597328+02:00
lead-gen-retainer,community_moderation,PASS,,3,2,"",2026-08-03T21:35:41.2896685+02:00
lead-gen-retainer,creator_services,PASS,,3,2,"",2026-08-03T21:35:43.3970401+02:00
lead-gen-retainer,real_estate_services,PASS,,3,2,"",2026-08-03T21:35:45.6291840+02:00
lead-gen-retainer,healthcare,PASS,,3,2,"",2026-08-03T21:35:47.9064491+02:00
lead-gen-retainer,legal,PASS,,3,2,"",2026-08-03T21:35:50.0626959+02:00
lead-gen-retainer,retail,PASS,,3,2,"",2026-08-03T21:35:52.3135918+02:00
lead-gen-retainer,hospitality,PASS,,3,2,"",2026-08-03T21:35:54.5469169+02:00
lead-gen-retainer,finance,PASS,,3,92,"",2026-08-03T21:46:27.2622765+02:00
lead-gen-retainer,logistics,PASS,,3,2,"",2026-08-03T21:46:29.4131590+02:00
lead-gen-retainer,beauty,PASS,,3,2,"",2026-08-03T21:46:31.5690163+02:00
lead-gen-retainer,fitness,PASS,,3,2,"",2026-08-03T21:46:33.8003823+02:00
lead-gen-retainer,agriculture,PASS,,3,2,"",2026-08-03T21:46:36.0527461+02:00
lead-gen-retainer,automotive,PASS,,3,2,"",2026-08-03T21:46:38.2429384+02:00
lead-gen-retainer,real-estate,PASS,,3,2,"",2026-08-03T21:46:40.3883415+02:00
lead-gen-retainer,manufacturing,PASS,,3,2,"",2026-08-03T21:46:42.5415914+02:00
lead-gen-retainer,technology,PASS,,3,2,"",2026-08-03T21:46:44.8111408+02:00
lead-gen-retainer,media,PASS,,3,2,"",2026-08-03T21:46:47.3610725+02:00
lead-gen-retainer,nonprofit,PASS,,3,2,"",2026-08-03T21:46:49.5721628+02:00
lead-gen-retainer,government,PASS,,3,2,"",2026-08-03T21:46:51.8137518+02:00
lead-gen-retainer,energy,PASS,,3,2,"",2026-08-03T21:46:53.9777888+02:00
lead-gen-retainer,travel,PASS,,3,2,"",2026-08-03T21:46:56.4761248+02:00
lead-gen-retainer,professional,PASS,,3,2,"",2026-08-03T21:46:58.7296916+02:00
lead-gen-retainer,entertainment,PASS,,3,2,"",2026-08-03T21:47:00.9474202+02:00
lead-gen-retainer,home_services,PASS,,3,2,"",2026-08-03T21:47:03.2107791+02:00
lead-gen-retainer,pets,PASS,,3,2,"",2026-08-03T21:47:05.4632944+02:00
lead-gen-retainer,industrial,PASS,,3,2,"",2026-08-03T21:47:07.8000493+02:00
ai-support-retainer,development_it,PASS,,3,2,"",2026-08-03T21:47:10.2863742+02:00
ai-support-retainer,ai_data,PASS,,3,2,"",2026-08-03T21:47:12.4057169+02:00
ai-support-retainer,design_creative,PASS,,3,2,"",2026-08-03T21:47:14.5150786+02:00
ai-support-retainer,writing_translation,PASS,,3,2,"",2026-08-03T21:47:16.7769911+02:00
ai-support-retainer,marketing,PASS,,3,2,"",2026-08-03T21:47:19.1327703+02:00
ai-support-retainer,sales,PASS,,3,2,"",2026-08-03T21:47:21.5595335+02:00
ai-support-retainer,admin_support,PASS,,3,2,"",2026-08-03T21:47:23.7056083+02:00
ai-support-retainer,customer_service,PASS,,3,2,"",2026-08-03T21:47:25.8535154+02:00
ai-support-retainer,business_consulting,PASS,,3,2,"",2026-08-03T21:47:28.0108918+02:00
ai-support-retainer,finance_accounting,PASS,,3,2,"",2026-08-03T21:47:30.4120656+02:00
ai-support-retainer,legal_services,PASS,,3,2,"",2026-08-03T21:47:32.5298591+02:00
ai-support-retainer,ecommerce,PASS,,3,2,"",2026-08-03T21:47:34.8206540+02:00
ai-support-retainer,engineering_architecture,PASS,,3,2,"",2026-08-03T21:47:37.0696212+02:00
ai-support-retainer,video_animation,PASS,,3,2,"",2026-08-03T21:47:39.2242118+02:00
ai-support-retainer,audio_music,PASS,,3,2,"",2026-08-03T21:47:41.3363331+02:00
ai-support-retainer,education_training,PASS,,3,2,"",2026-08-03T21:47:43.4894317+02:00
ai-support-retainer,hr_recruiting,PASS,,3,2,"",2026-08-03T21:47:45.6741253+02:00
ai-support-retainer,photography,PASS,,3,2,"",2026-08-03T21:47:47.8745302+02:00
ai-support-retainer,product_project_management,PASS,,3,2,"",2026-08-03T21:47:49.9796943+02:00
ai-support-retainer,engineering_science,PASS,,3,2,"",2026-08-03T21:47:52.3069510+02:00
ai-support-retainer,web3,PASS,,3,2,"",2026-08-03T21:47:54.5588876+02:00
ai-support-retainer,localization,PASS,,3,2,"",2026-08-03T21:47:56.7228482+02:00
ai-support-retainer,community_moderation,PASS,,3,2,"",2026-08-03T21:47:58.8393708+02:00
ai-support-retainer,creator_services,PASS,,3,2,"",2026-08-03T21:48:00.9562069+02:00
ai-support-retainer,real_estate_services,PASS,,3,2,"",2026-08-03T21:48:03.0605691+02:00
ai-support-retainer,healthcare,PASS,,3,2,"",2026-08-03T21:48:05.1967466+02:00
ai-support-retainer,legal,PASS,,3,2,"",2026-08-03T21:48:07.3761051+02:00
ai-support-retainer,retail,PASS,,3,2,"",2026-08-03T21:48:09.5571503+02:00
ai-support-retainer,hospitality,PASS,,3,2,"",2026-08-03T21:48:11.6792431+02:00
ai-support-retainer,construction,PASS,,3,2,"",2026-08-03T21:48:13.9651806+02:00
ai-support-retainer,education,PASS,,3,2,"",2026-08-03T21:48:16.4998015+02:00
ai-support-retainer,finance,PASS,,3,2,"",2026-08-03T21:48:18.9186563+02:00
ai-support-retainer,logistics,PASS,,3,2,"",2026-08-03T21:48:21.1368207+02:00
ai-support-retainer,beauty,PASS,,3,3,"",2026-08-03T21:48:23.7517012+02:00
ai-support-retainer,fitness,PASS,,3,3,"",2026-08-03T21:48:27.1324494+02:00
ai-support-retainer,agriculture,PASS,,3,2,"",2026-08-03T21:48:29.8280369+02:00
ai-support-retainer,automotive,PASS,,3,2,"",2026-08-03T21:48:32.5068033+02:00
ai-support-retainer,real-estate,PASS,,3,2,"",2026-08-03T21:48:35.1096731+02:00
ai-support-retainer,manufacturing,PASS,,3,2,"",2026-08-03T21:48:37.7564354+02:00
ai-support-retainer,technology,PASS,,3,2,"",2026-08-03T21:48:39.9957998+02:00
ai-support-retainer,media,PASS,,3,2,"",2026-08-03T21:48:42.2095927+02:00
ai-support-retainer,nonprofit,PASS,,3,2,"",2026-08-03T21:48:44.3747017+02:00
ai-support-retainer,government,PASS,,3,2,"",2026-08-03T21:48:46.8376481+02:00
ai-support-retainer,energy,PASS,,3,2,"",2026-08-03T21:48:49.0530838+02:00
ai-support-retainer,travel,PASS,,3,2,"",2026-08-03T21:48:51.2445935+02:00
ai-support-retainer,professional,PASS,,3,2,"",2026-08-03T21:48:53.5236442+02:00
ai-support-retainer,entertainment,PASS,,3,2,"",2026-08-03T21:48:55.8179372+02:00
ai-support-retainer,home_services,PASS,,3,2,"",2026-08-03T21:48:58.3552893+02:00
ai-support-retainer,pets,PASS,,3,2,"",2026-08-03T21:49:00.6709797+02:00
ai-support-retainer,industrial,PASS,,3,2,"",2026-08-03T21:49:02.8432019+02:00
custom-software,development_it,PASS,,2,2,"",2026-08-03T21:49:05.0597660+02:00
custom-software,ai_data,PASS,,2,2,"",2026-08-03T21:49:07.3901083+02:00
custom-software,design_creative,PASS,,2,2,"",2026-08-03T21:49:09.7682887+02:00
custom-software,writing_translation,PASS,,2,2,"",2026-08-03T21:49:12.2225731+02:00
custom-software,marketing,PASS,,2,2,"",2026-08-03T21:49:14.8052305+02:00
custom-software,sales,PASS,,2,2,"",2026-08-03T21:49:17.1395720+02:00
custom-software,admin_support,PASS,,2,2,"",2026-08-03T21:49:19.3598969+02:00
custom-software,customer_service,PASS,,2,2,"",2026-08-03T21:49:21.5550718+02:00
custom-software,business_consulting,PASS,,2,2,"",2026-08-03T21:49:23.8679971+02:00
custom-software,finance_accounting,PASS,,2,2,"",2026-08-03T21:49:26.2516294+02:00
custom-software,legal_services,PASS,,2,2,"",2026-08-03T21:49:29.2846577+02:00
custom-software,ecommerce,PASS,,2,2,"",2026-08-03T21:49:31.9180639+02:00
custom-software,engineering_architecture,PASS,,2,2,"",2026-08-03T21:49:34.4180371+02:00
custom-software,video_animation,PASS,,2,2,"",2026-08-03T21:49:36.8764279+02:00
custom-software,audio_music,PASS,,2,2,"",2026-08-03T21:49:39.0268028+02:00
custom-software,education_training,PASS,,2,2,"",2026-08-03T21:49:41.3594121+02:00
custom-software,hr_recruiting,PASS,,2,2,"",2026-08-03T21:49:44.2712853+02:00
custom-software,photography,PASS,,2,2,"",2026-08-03T21:49:46.5382680+02:00
custom-software,product_project_management,PASS,,2,3,"",2026-08-03T21:49:49.1118841+02:00
custom-software,engineering_science,PASS,,2,2,"",2026-08-03T21:49:51.6709221+02:00
custom-software,web3,PASS,,2,2,"",2026-08-03T21:49:54.0928269+02:00
custom-software,localization,PASS,,2,2,"",2026-08-03T21:49:56.4392501+02:00
custom-software,community_moderation,PASS,,2,2,"",2026-08-03T21:49:58.6702644+02:00
custom-software,creator_services,PASS,,2,2,"",2026-08-03T21:50:00.8561986+02:00
custom-software,real_estate_services,PASS,,2,2,"",2026-08-03T21:50:02.9890558+02:00
custom-software,healthcare,PASS,,2,2,"",2026-08-03T21:50:05.1403367+02:00
custom-software,legal,PASS,,2,2,"",2026-08-03T21:50:07.4062683+02:00
custom-software,retail,PASS,,2,2,"",2026-08-03T21:50:09.5748927+02:00
custom-software,hospitality,PASS,,2,2,"",2026-08-03T21:50:12.1884626+02:00
custom-software,construction,PASS,,2,2,"",2026-08-03T21:50:14.5280926+02:00
custom-software,education,PASS,,2,2,"",2026-08-03T21:50:16.8417841+02:00
custom-software,finance,PASS,,2,2,"",2026-08-03T21:50:19.0099183+02:00
custom-software,logistics,PASS,,2,2,"",2026-08-03T21:50:21.2034419+02:00
custom-software,beauty,PASS,,2,3,"",2026-08-03T21:50:23.9051711+02:00
custom-software,fitness,PASS,,2,2,"",2026-08-03T21:50:26.4481374+02:00
custom-software,agriculture,PASS,,2,2,"",2026-08-03T21:50:28.9024468+02:00
custom-software,automotive,PASS,,2,2,"",2026-08-03T21:50:31.2093295+02:00
custom-software,real-estate,PASS,,2,2,"",2026-08-03T21:50:33.5518500+02:00
custom-software,manufacturing,PASS,,2,2,"",2026-08-03T21:50:36.1517508+02:00
custom-software,technology,PASS,,2,2,"",2026-08-03T21:50:38.5730260+02:00
custom-software,media,PASS,,2,2,"",2026-08-03T21:50:41.1242419+02:00
custom-software,nonprofit,PASS,,2,2,"",2026-08-03T21:50:43.4538762+02:00
custom-software,government,PASS,,2,2,"",2026-08-03T21:50:45.7993657+02:00
custom-software,energy,PASS,,2,2,"",2026-08-03T21:50:48.0745868+02:00
custom-software,travel,PASS,,2,2,"",2026-08-03T21:50:50.2078327+02:00
custom-software,professional,PASS,,2,2,"",2026-08-03T21:50:52.4156836+02:00
custom-software,entertainment,PASS,,2,2,"",2026-08-03T21:50:54.6100558+02:00
custom-software,home_services,PASS,,2,2,"",2026-08-03T21:50:56.7280612+02:00
custom-software,pets,PASS,,2,2,"",2026-08-03T21:50:59.3922789+02:00
custom-software,industrial,PASS,,2,2,"",2026-08-03T21:51:01.7574917+02:00
integration,community_moderation,PASS,,3,3,"",2026-08-03T21:51:37.4464568+02:00
integration,creator_services,PASS,,3,2,"",2026-08-03T21:51:41.8204697+02:00
support-priority,industrial,PASS,,2,2,"",2026-08-03T21:51:46.2527418+02:00
support-dedicated,development_it,PASS,,2,2,"",2026-08-03T21:51:50.5512379+02:00
website-business,healthcare,PASS,,0,2,"",2026-08-03T21:51:54.6790962+02:00
website-business,legal,FAIL,,0,2,"The remote server returned an error: (429) Too Many Requests.",2026-08-03T21:51:58.9911311+02:00
website-business,retail,PASS,,0,49818,"",2026-08-04T11:42:18.8418738+02:00
sales-enablement,design_creative,PASS,,2,3,"",2026-08-04T11:42:23.3899038+02:00
sales-enablement,writing_translation,PASS,,2,3,"",2026-08-04T11:42:28.3189768+02:00
lead-gen-retainer,construction,PASS,,3,2,"",2026-08-04T11:42:32.4804676+02:00
lead-gen-retainer,education,PASS,,3,3,"",2026-08-04T11:42:37.1305358+02:00
