"deliverableId","industryCategory","status","score","artifacts","paymentId","error","elapsedSec","checkedAt"
"setup-quick","admin_support","PASS","","2","f5325e55-7c49-4aca-8bc8-a5335cab0968","","5","2026-09-02T14:52:30.9855047+02:00"
"setup-full","admin_support","PASS","","4","ce2a9d41-14dc-4b12-adf1-b3b215ef5780","","5","2026-09-02T14:52:43.9584661+02:00"
"setup-custom","admin_support","PASS","","3","f70570a1-c836-47f5-b7d6-08e57150fd42","","5","2026-09-02T14:52:56.7456784+02:00"
"audit","admin_support","PASS","","2","72ccc7a5-0337-4eff-91ef-ac901be2948b","","5","2026-09-02T14:53:09.4864815+02:00"
"integration","admin_support","PASS","","3","ebc6af92-6763-4855-9887-3282d16bffff","","5","2026-09-02T14:53:22.0519342+02:00"
"workflow-design","admin_support","PASS","","2","37e8ba46-a571-4067-b3a3-51f9f8b8a55c","","5","2026-09-02T14:53:34.6112335+02:00"
"support-priority","admin_support","PASS","","2","804bb16a-cbd1-46e1-9666-69bcd8785394","","5","2026-09-02T14:53:47.3382798+02:00"
"support-dedicated","admin_support","PASS","","2","292ddd4b-b2fc-4156-803c-443bc558dbb0","","5","2026-09-02T14:53:59.9859829+02:00"
"landing","admin_support","PASS","","0","6c03d9d2-586d-4daa-a312-8e7646709569","","5","2026-09-02T14:54:12.6640657+02:00"
"website-business","admin_support","PASS","","0","14b22660-f0e0-444a-a431-a3991ada8b27","","1101","2026-09-02T15:12:41.7067203+02:00"
"website-ecommerce","admin_support","PASS","","0","9ab66bb4-95dd-49bc-a663-24a2d22ed97f","","5","2026-09-02T15:12:54.2760897+02:00"
"white-label-setup","admin_support","PASS","","2","467ef21b-5a8f-4dac-afff-90315be7c933","","5","2026-09-02T15:13:06.8007363+02:00"
"sales-enablement","admin_support","PASS","","2","374045a9-2daa-40a1-8b72-09f5b009761b","","5","2026-09-02T15:13:19.3735577+02:00"
"vertical-package","admin_support","PASS","","2","bb62e6ec-22c5-4a65-b280-05991cdb1d11","","5","2026-09-02T15:13:32.1543776+02:00"
"lead-gen-retainer","admin_support","PASS","","3","ece45a79-2c87-496c-9f3b-f298395c9173","","9","2026-09-02T15:13:48.7339288+02:00"
"ai-support-retainer","admin_support","PASS","","3","66eacb0b-f6c8-4ed0-a58a-7e93512e38dc","","5","2026-09-02T15:14:01.4386670+02:00"
"custom-software","admin_support","PASS","","2","8aee7f98-a9b8-4630-9667-b18d1de8597a","","4","2026-09-02T15:14:13.9338053+02:00"
"setup-quick","ai_data","PASS","","2","891f9125-cc37-432b-ab01-c94708daef28","","5","2026-09-02T15:14:26.5364394+02:00"
"setup-full","ai_data","PASS","","4","564d61d4-504c-4e68-9e66-3bd63f033d9f","","609","2026-09-02T15:24:44.1162487+02:00"
"setup-custom","ai_data","PASS","","3","81cd3b14-3ac8-4254-a2da-23fdc14347e1","","5","2026-09-02T15:24:56.6289605+02:00"
"audit","ai_data","PASS","","2","62a1e242-24eb-4756-a573-0635a119a439","","5","2026-09-02T15:25:09.4095826+02:00"
"integration","ai_data","PASS","","3","837b9c9d-9384-4a41-9ac8-a8f0aa80a65e","","5","2026-09-02T15:25:22.1048237+02:00"
"workflow-design","ai_data","PASS","","2","85cf6c74-b06b-4215-99f5-009ffa6acde5","","5","2026-09-02T15:25:34.9499391+02:00"
"support-priority","ai_data","PASS","","2","5f5e2968-d7e4-415b-90fa-39bbd941574e","","609","2026-09-02T15:35:51.4678148+02:00"
"support-dedicated","ai_data","PASS","","2","18b96526-e20f-454b-87a7-08896062a38a","","5","2026-09-02T15:36:04.3265030+02:00"
"landing","ai_data","PASS","","0","fbf2e867-66b2-45b9-b554-2f19eb7a03ee","","4","2026-09-02T15:36:16.8375405+02:00"
"website-business","ai_data","PASS","","0","b3bd3905-795c-4b64-acde-2c1a3d118202","","4","2026-09-02T15:36:29.3886401+02:00"
"website-ecommerce","ai_data","PASS","","0","f806d748-8dc3-436d-8622-f3aff8ec4439","","5","2026-09-02T15:36:42.0337582+02:00"
"white-label-setup","ai_data","PASS","","2","a74a4a09-98e1-4ee1-9ac9-01fd04b76974","","609","2026-09-02T15:46:58.8221001+02:00"
"sales-enablement","ai_data","PASS","","2","19347ac4-0276-4a3e-8b79-51cf4229560d","","5","2026-09-02T15:47:11.5441778+02:00"
"vertical-package","ai_data","PASS","","2","1ac27f53-c3fe-4225-bd81-9fa2814a2929","","5","2026-09-02T15:47:24.0981232+02:00"
"lead-gen-retainer","ai_data","PASS","","3","011f1283-7cbc-4951-abf7-51583d6ef2aa","","9","2026-09-02T15:47:22.1564042+02:00"
"ai-support-retainer","ai_data","PASS","","3","3349ffce-0b76-4c5a-ac98-55bb3b5d458e","","5","2026-09-02T15:47:34.6648826+02:00"
custom-software,ai_data,PASS,,2,07c29a78-5c71-49cb-9d04-b0b0fd2f716d,"",5,2026-09-02T15:49:00.1555598+02:00
setup-quick,audio_music,PASS,,2,754450d3-3302-4775-83a3-bc2d890126a6,"",5,2026-09-02T15:49:12.6888149+02:00
setup-full,audio_music,PASS,,4,d154e93f-bac7-4bfb-8e3f-3886683d9be9,"",609,2026-09-02T15:59:29.3350002+02:00
setup-custom,audio_music,PASS,,3,f74c8306-90ec-4f8f-b7f5-201cee9cdab2,"",5,2026-09-02T15:59:42.1307342+02:00
audit,audio_music,PASS,,2,747b19aa-096e-4fdc-9cf4-31367bd129e1,"",5,2026-09-02T15:59:54.8646972+02:00
integration,audio_music,PASS,,3,e1d03e88-f9d6-41f3-b444-28e0a26c6230,"",6,2026-09-02T16:00:08.3893563+02:00
workflow-design,audio_music,PASS,,2,cd2d859e-e9ba-4ba2-ac37-8fca770521f1,"",5,2026-09-02T16:00:21.1646680+02:00
support-priority,audio_music,PASS,,2,27b96c5d-5645-44d6-81cd-06c12817abec,"",5,2026-09-02T16:00:33.7944462+02:00
support-dedicated,audio_music,PASS,,2,8f908fd6-4cfc-4ea9-aed4-c03ea9a2c44a,"",5,2026-09-02T16:00:46.5374927+02:00
landing,audio_music,PASS,,0,ed1be163-47c4-4c6d-ae0c-c61fa8859083,"",5,2026-09-02T16:00:59.3933179+02:00
website-business,audio_music,PASS,,0,930b0989-3a05-45cd-97fe-8c8dbde748f8,"",5,2026-09-02T16:01:12.3811042+02:00
website-ecommerce,audio_music,PASS,,0,98e6da88-965a-4aa4-8fba-1574ddeb024f,"",5,2026-09-02T16:01:25.0333923+02:00
white-label-setup,audio_music,PASS,,2,cd968a63-43a3-41e9-836c-7cbc42caaa47,"",608,2026-09-02T16:11:41.3115709+02:00
sales-enablement,audio_music,PASS,,2,ee56fc97-82f6-46ed-b600-731fb7449f74,"",5,2026-09-02T16:11:53.9267719+02:00
vertical-package,audio_music,PASS,,2,08d4b340-fa2a-4a5f-ba1c-eebfdfd6b272,"",5,2026-09-02T16:12:06.4458867+02:00
lead-gen-retainer,audio_music,PASS,,3,ba0676c9-425e-4627-9e8e-8530b927a4b8,"",5,2026-09-02T16:12:19.1453646+02:00
ai-support-retainer,audio_music,PASS,,3,5406ceca-bd22-4061-85f6-1beee0a9ee48,"",5,2026-09-02T16:12:31.6850476+02:00
custom-software,audio_music,PASS,,2,d2c21e39-99d9-43d8-97b7-3d0185e6344a,"",5,2026-09-02T16:12:44.2601575+02:00
setup-quick,business_consulting,PASS,,2,4bf5dd00-b408-4914-8611-ab5130f753e8,"",5,2026-09-02T16:12:56.7684681+02:00
setup-full,business_consulting,PASS,,4,462619bc-18b9-4294-860a-0d9a434af6d9,"",5,2026-09-02T16:13:09.3081727+02:00
setup-custom,business_consulting,PASS,,3,1125be17-754a-4099-9c2c-f5c8cd5807d1,"",5,2026-09-02T16:13:22.0301895+02:00
audit,business_consulting,PASS,,2,8c02bac2-2694-4954-9465-4bc01cafd931,"",5,2026-09-02T16:13:34.6817693+02:00
integration,business_consulting,PASS,,3,5cb18f15-d015-4609-b345-9f29c9b69e49,"",609,2026-09-02T16:23:51.4855437+02:00
workflow-design,business_consulting,PASS,,2,fdfb0340-4cad-404e-ae1f-d6567f63d04f,"",5,2026-09-02T16:24:04.3746818+02:00
support-priority,business_consulting,PASS,,2,85673f5c-c1c5-42d8-9700-5c918b7fc8c7,"",5,2026-09-02T16:24:16.8966195+02:00
support-dedicated,business_consulting,PASS,,2,5bf63b02-25cf-4ebe-b5ad-566bb030e68b,"",5,2026-09-02T16:24:29.4330547+02:00
landing,business_consulting,PASS,,0,326cd738-7c5c-427b-bf4f-7976e1e5719a,"",4,2026-09-02T16:24:41.9130668+02:00
website-business,business_consulting,PASS,,0,62b68189-c817-489b-bc6f-c3695aa082fb,"",5,2026-09-02T16:24:54.4631662+02:00
website-ecommerce,business_consulting,PASS,,0,563ceb96-6667-4798-aad6-37eeec4e0520,"",5,2026-09-02T16:25:07.2855865+02:00
white-label-setup,business_consulting,PASS,,2,e123f98a-59cf-4b16-a7c4-bde47724493f,"",5,2026-09-02T16:25:19.8683163+02:00
sales-enablement,business_consulting,PASS,,2,abb32986-4f79-4505-9d31-f3a3f726f03b,"",5,2026-09-02T16:25:32.6882693+02:00
vertical-package,business_consulting,PASS,,2,b2315f01-1506-4261-9057-f8b68067f23d,"",5,2026-09-02T16:25:45.2293112+02:00
lead-gen-retainer,business_consulting,PASS,,3,65a002aa-5ffa-4dd8-9d54-016ea25632b6,"",633,2026-09-02T16:36:26.3822009+02:00
ai-support-retainer,business_consulting,PASS,,3,3b930e2c-ff7b-4643-bb80-3e5e25bf2d17,"",5,2026-09-02T16:36:39.2575828+02:00
custom-software,business_consulting,PASS,,2,095e6425-f1f8-4d58-9869-6e516557d687,"",5,2026-09-02T16:36:51.9672288+02:00
setup-quick,community_moderation,PASS,,2,bb7a1454-509b-414b-aad8-203aa56588dd,"",5,2026-09-02T16:37:05.1081666+02:00
setup-full,community_moderation,PASS,,4,8758becd-f882-42ad-93d1-60d9bb076930,"",5,2026-09-02T16:37:18.3573705+02:00
setup-custom,community_moderation,PASS,,3,d5f8a287-7f7a-4ab1-a963-0b9243674c52,"",5,2026-09-02T16:37:30.9321576+02:00
audit,community_moderation,PASS,,2,a007d3f9-4b9d-4810-814e-900c3887bdcd,"",5,2026-09-02T16:37:43.5899711+02:00
integration,community_moderation,PASS,,3,63e81e4f-0e36-4a5f-8172-2b7cc14c7f44,"",5,2026-09-02T16:37:56.2533950+02:00
workflow-design,community_moderation,PASS,,2,ed59138b-92fd-4a07-9e51-391c1bedc6bd,"",5,2026-09-02T16:38:08.8910889+02:00
support-priority,community_moderation,PASS,,2,2a2b9f90-0549-4a28-a7b3-2566df3ddc84,"",5,2026-09-02T16:38:21.4806843+02:00
support-dedicated,community_moderation,PASS,,2,2f6dc7d2-a2a6-419e-a5cb-4303b194d513,"",609,2026-09-02T16:48:38.4425680+02:00
landing,community_moderation,PASS,,0,607318d0-56c6-4623-9914-51ba47dbb485,"",5,2026-09-02T16:48:51.0759337+02:00
website-business,community_moderation,PASS,,0,953ccfc6-1d2b-4bc1-8231-7c83994f967d,"",5,2026-09-02T16:49:03.7136515+02:00
website-ecommerce,community_moderation,PASS,,0,7f09362b-8d2d-4bb9-90da-36a047efda1d,"",5,2026-09-02T16:49:16.4934307+02:00
white-label-setup,community_moderation,PASS,,2,989620c5-43b7-40a1-aeaa-12f257369b10,"",4,2026-09-02T16:49:29.0027377+02:00
sales-enablement,community_moderation,PASS,,2,d12797d2-68ac-4b51-afc0-4ea4548547e4,"",5,2026-09-02T16:49:41.5426180+02:00
vertical-package,community_moderation,PASS,,2,5168c08e-1658-4a40-b9b7-d774d389c435,"",4,2026-09-02T16:49:53.9916762+02:00
lead-gen-retainer,community_moderation,PASS,,3,0041565b-4a38-4238-b783-45e7b5179730,"",9,2026-09-02T16:50:10.8122278+02:00
ai-support-retainer,community_moderation,PASS,,3,e9f2f0eb-5294-4f0d-bb4f-1c3e2533269f,"",5,2026-09-02T16:50:23.5136400+02:00
custom-software,community_moderation,PASS,,2,b4532f6a-7f75-4b3d-8653-2dd5f5742c63,"",5,2026-09-02T16:50:36.1253412+02:00
setup-quick,creator_services,PASS,,2,d98aae56-49f6-48b9-98fa-9a01e6e77e21,"",608,2026-09-02T17:00:52.5986386+02:00
setup-full,creator_services,PASS,,4,fe8c7e61-5383-4705-8cd4-b32d5e5ba765,"",5,2026-09-02T17:01:05.4254406+02:00
setup-custom,creator_services,PASS,,3,8c73c313-4c20-401d-90e9-6889487e1659,"",5,2026-09-02T17:01:18.1805142+02:00
audit,creator_services,PASS,,2,64fc9f92-0311-4851-821d-e40aec9a44b9,"",5,2026-09-02T17:01:30.8761890+02:00
integration,creator_services,PASS,,3,bf421c3b-76fe-47fe-a414-16a5571f6b35,"",5,2026-09-02T17:01:43.4611770+02:00
workflow-design,creator_services,PASS,,2,54f6adff-8dff-4fe2-a985-8b3f34ff37ac,"",5,2026-09-02T17:01:56.2338612+02:00
support-priority,creator_services,PASS,,2,5bc2c8c7-39b4-4ed4-a317-f4d530181a7d,"",5,2026-09-02T17:02:09.0130438+02:00
support-dedicated,creator_services,PASS,,2,80d50c17-0306-4529-96bc-4549a91127fa,"",5,2026-09-02T17:02:21.7217663+02:00
landing,creator_services,PASS,,0,942c7c57-c5db-4a0b-9e5e-627ef65c368d,"",5,2026-09-02T17:02:34.2857161+02:00
website-business,creator_services,PASS,,0,feb07f0e-e5cd-4375-8116-7bc1a5294d8b,"",5,2026-09-02T17:02:46.9309366+02:00
website-ecommerce,creator_services,PASS,,0,dcdaf81b-46d4-4fc5-a920-68631922dd82,"",609,2026-09-02T17:13:03.7672659+02:00
white-label-setup,creator_services,PASS,,2,c70da6fd-0b99-41b0-b1fc-673bff55ed2b,"",5,2026-09-02T17:13:16.3715065+02:00
sales-enablement,creator_services,PASS,,2,00ddaebb-b887-4784-a4ea-e908a5432e33,"",5,2026-09-02T17:13:29.0981566+02:00
vertical-package,creator_services,PASS,,2,09de8608-4976-498f-be53-6cbd68f1fe8b,"",5,2026-09-02T17:13:41.7988923+02:00
lead-gen-retainer,creator_services,PASS,,3,5752ee31-1d15-4e27-bfc1-dd3c289c0529,"",9,2026-09-02T17:13:58.7541229+02:00
ai-support-retainer,creator_services,PASS,,3,f4295099-3cb4-4917-8571-46ce5b8abcb7,"",5,2026-09-02T17:14:11.3120560+02:00
custom-software,creator_services,PASS,,2,e77279c0-b79a-4ca2-a2fd-ca2085a28eab,"",5,2026-09-02T17:14:24.0595527+02:00
setup-quick,customer_service,PASS,,2,24477c51-d0e1-4272-81b7-ed075e2f0554,"",5,2026-09-02T17:14:36.7172820+02:00
setup-full,customer_service,PASS,,4,3fdf727b-7012-401a-b6d1-b0a5c80ab136,"",5,2026-09-02T17:14:49.2866204+02:00
setup-custom,customer_service,PASS,,3,0474298e-5bdc-4128-91ce-d19286982050,"",5,2026-09-02T17:15:01.9652353+02:00
audit,customer_service,PASS,,2,8f67d477-cd86-406e-9889-3cf670087822,"",609,2026-09-02T17:25:18.6489915+02:00
integration,customer_service,PASS,,3,ca882efc-b6d1-4235-b317-f479c926554f,"",5,2026-09-02T17:25:31.2895388+02:00
workflow-design,customer_service,PASS,,2,e66467ea-b57f-46fb-9bc9-bdb226845c4e,"",5,2026-09-02T17:25:43.8597158+02:00
support-priority,customer_service,PASS,,2,0e82f547-f4e8-452d-9538-b618cff2001d,"",5,2026-09-02T17:25:56.4270525+02:00
support-dedicated,customer_service,PASS,,2,c4bcaeff-4455-43e0-a672-a58fe78490f7,"",5,2026-09-02T17:26:08.9923698+02:00
landing,customer_service,PASS,,0,0f3bcc25-2371-4030-bb1f-d4fab59bd587,"",5,2026-09-02T17:26:21.5186426+02:00
website-business,customer_service,PASS,,0,492ee12e-22cb-48cb-91c3-f92e01971ed3,"",5,2026-09-02T17:26:34.0783418+02:00
website-ecommerce,customer_service,PASS,,0,1bc47978-71a2-42ca-b8b8-f2ae3f376726,"",5,2026-09-02T17:26:46.6331900+02:00
white-label-setup,customer_service,PASS,,2,64c0a58a-bdee-4eac-9780-643f0a530595,"",5,2026-09-02T17:26:59.1649083+02:00
sales-enablement,customer_service,PASS,,2,9ebe89f6-60e4-40af-8bba-b7fb0ae9a7c4,"",5,2026-09-02T17:27:11.9171254+02:00
vertical-package,customer_service,PASS,,2,aa93e9d0-693a-4313-9e6e-63d9896a96e7,"",608,2026-09-02T17:37:28.4215244+02:00
lead-gen-retainer,customer_service,PASS,,3,8f779b19-4807-4464-b3b4-bbdd791f65ab,"",10,2026-09-02T17:37:46.3285103+02:00
ai-support-retainer,customer_service,PASS,,3,f57981d9-8d41-4649-9904-65852037a57b,"",5,2026-09-02T17:37:59.2495959+02:00
custom-software,customer_service,PASS,,2,8b6f3ee5-a12a-4f81-bd48-a094a4b8fb38,"",5,2026-09-02T17:38:11.9691948+02:00
setup-quick,design_creative,PASS,,2,dcdc08cb-b52a-40fc-a3df-18bf6be50de3,"",5,2026-09-02T17:38:24.6684699+02:00
setup-full,design_creative,PASS,,4,e4064a07-58b4-45ae-b0ec-5b3c0ea3d9b6,"",5,2026-09-02T17:38:37.4156595+02:00
setup-custom,design_creative,PASS,,3,66896722-993d-432c-a007-2ab6f9fabab1,"",5,2026-09-02T17:38:49.9759389+02:00
audit,design_creative,PASS,,2,653f9b6b-b4e2-4111-b781-b4cd4a4f4b90,"",5,2026-09-02T17:39:02.5519663+02:00
integration,design_creative,PASS,,3,fb3c6536-f968-4ed9-bac0-45f2667f4256,"",5,2026-09-02T17:39:15.2387132+02:00
workflow-design,design_creative,PASS,,2,a6a8a951-e426-48b8-9bae-02244303d207,"",5,2026-09-02T17:39:27.8735740+02:00
support-priority,design_creative,PASS,,2,ea556b4c-2cdc-4741-9818-f2db19283d74,"",609,2026-09-02T17:49:44.7577499+02:00
support-dedicated,design_creative,PASS,,2,b4cb80ce-cc40-42f6-89a6-24162920eeb6,"",5,2026-09-02T17:49:57.2787607+02:00
landing,design_creative,PASS,,0,24fae351-ba0f-445c-97ad-df92d4d15ea5,"",5,2026-09-02T17:50:09.8467776+02:00
website-business,design_creative,PASS,,0,838d285b-b0a3-4c0b-ad99-fb9799b0c797,"",5,2026-09-02T17:50:22.4861783+02:00
website-ecommerce,design_creative,PASS,,0,c0f9a7d7-40e1-44f6-85d5-57d33a70eeac,"",5,2026-09-02T17:50:35.1157840+02:00
white-label-setup,design_creative,PASS,,2,57f65ee4-023a-4d41-a333-88b4f947ca0b,"",5,2026-09-02T17:50:47.6432163+02:00
sales-enablement,design_creative,PASS,,2,c190714f-0875-4222-9493-30684c80f0aa,"",5,2026-09-02T17:51:00.2316944+02:00
vertical-package,design_creative,PASS,,2,a7b62b8e-8647-4bd0-8433-5ed9a558fe40,"",5,2026-09-02T17:51:12.7860357+02:00
lead-gen-retainer,design_creative,PASS,,3,6eea87fe-ffa0-4461-9667-df6c779386e3,"",9,2026-09-02T17:51:29.4877790+02:00
ai-support-retainer,design_creative,PASS,,3,dc8773a3-51cb-4616-990f-f5cc6097f095,"",4,2026-09-02T17:51:41.9558874+02:00
custom-software,design_creative,PASS,,2,73f6e459-93da-4c72-b00d-702685e34f19,"",609,2026-09-02T18:01:59.0696946+02:00
setup-quick,development_it,PASS,,2,9d213afe-51ba-42fd-b876-cac54978ca1c,"",5,2026-09-02T18:02:12.3673825+02:00
setup-full,development_it,PASS,,4,6db9b30f-a024-4fd7-91ca-80e76f621f72,"",5,2026-09-02T18:02:25.0787517+02:00
setup-custom,development_it,PASS,,3,ad7e5458-6a18-4702-878e-2f9bedcdad42,"",5,2026-09-02T18:02:37.6587349+02:00
audit,development_it,PASS,,2,898dda48-cc18-479e-bc3d-f0d2dbe9dec9,"",5,2026-09-02T18:02:50.2911220+02:00
integration,development_it,PASS,,3,5970996d-6366-4a3b-b300-9f4468ac2d4f,"",5,2026-09-02T18:03:03.0872650+02:00
workflow-design,development_it,PASS,,2,8cc8d3cd-eaeb-41d6-bf1b-d5d0330dc91c,"",5,2026-09-02T18:03:15.7855329+02:00
support-priority,development_it,PASS,,2,daffb9cb-44bc-4636-92d0-c9c332ea937a,"",5,2026-09-02T18:03:28.6070765+02:00
support-dedicated,development_it,PASS,,2,be26c81f-2861-45e7-83b3-707b5a3e7561,"",5,2026-09-02T18:03:41.1597403+02:00
landing,development_it,PASS,,0,8b282499-8b92-4b53-8fa4-89b03a04e6ab,"",5,2026-09-02T18:03:53.8794572+02:00
website-business,development_it,PASS,,0,6d7c84b6-a8a2-4dfa-971a-210e03e12a31,"",610,2026-09-02T18:14:12.2605581+02:00
website-ecommerce,development_it,PASS,,0,23492376-8f88-476b-a8ab-06c4f7b1c37b,"",5,2026-09-02T18:14:25.0665054+02:00
white-label-setup,development_it,PASS,,2,a58723db-2d16-4250-8c97-2fd313719fda,"",5,2026-09-02T18:14:37.6257865+02:00
sales-enablement,development_it,PASS,,2,b94c7e69-01d0-4534-8d72-f3f1ba13f5a0,"",5,2026-09-02T18:14:50.3340206+02:00
vertical-package,development_it,PASS,,2,c65993f3-ac76-4cd3-a62f-d5473c2112fd,"",5,2026-09-02T18:15:03.2631021+02:00
lead-gen-retainer,development_it,PASS,,3,b6cc3d9f-9502-4180-b171-62229671d015,"",9,2026-09-02T18:15:20.1494850+02:00
ai-support-retainer,development_it,PASS,,3,1d6453e7-0266-44f4-9c8c-88fd9bd69581,"",5,2026-09-02T18:15:32.6919397+02:00
custom-software,development_it,PASS,,2,7bbb1a70-0ac0-4c0d-960c-904de8978372,"",5,2026-09-02T18:15:45.4250961+02:00
setup-quick,ecommerce,PASS,,2,7e2d62d5-d43f-41b4-b2e5-673baf63c708,"",5,2026-09-02T18:15:57.9986756+02:00
setup-full,ecommerce,PASS,,4,475a3d6a-6233-40f7-ab76-81923d1e8393,"",5,2026-09-02T18:16:10.5802491+02:00
setup-custom,ecommerce,PASS,,3,6ae9becf-91c3-4b56-bea2-884f20a40a18,"",609,2026-09-02T18:26:27.3306953+02:00
audit,ecommerce,PASS,,2,ac16efcc-cac7-4490-ad42-b88f2007fee1,"",5,2026-09-02T18:26:39.8757832+02:00
integration,ecommerce,PASS,,3,d1f9c191-93e8-4a25-86cc-e0bd6e7bb3f7,"",5,2026-09-02T18:26:52.5887820+02:00
workflow-design,ecommerce,PASS,,2,0c7174de-37ad-424b-ae4f-3cb5c37a1e24,"",6,2026-09-02T18:27:06.4830615+02:00
support-priority,ecommerce,PASS,,2,050cb715-449c-4884-8762-fda4719e8d4f,"",5,2026-09-02T18:27:19.1109677+02:00
support-dedicated,ecommerce,PASS,,2,5e886f19-d581-4944-9baf-ffbe6a5b3ade,"",4,2026-09-02T18:27:31.6132239+02:00
landing,ecommerce,PASS,,0,f64243ea-a151-47d1-a871-ba684cba0faa,"",5,2026-09-02T18:27:44.4346501+02:00
website-business,ecommerce,PASS,,0,84b3a38d-2a0e-45fa-91db-a2bbdc999162,"",4,2026-09-02T18:27:56.9053828+02:00
website-ecommerce,ecommerce,PASS,,0,6eff5185-b1c0-4ffc-aa3e-90d34519174d,"",5,2026-09-02T18:28:09.8002952+02:00
white-label-setup,ecommerce,PASS,,2,ff131d36-8e06-49da-a638-1b821c41da6a,"",5,2026-09-02T18:28:22.4085966+02:00
sales-enablement,ecommerce,PASS,,2,c3a147ea-0e58-4dad-89e4-2855c6e3de6b,"",609,2026-09-02T18:38:39.8746411+02:00
vertical-package,ecommerce,PASS,,2,cb869b09-939b-4080-8ed1-ffe3bc25cb50,"",5,2026-09-02T18:38:52.5111877+02:00
lead-gen-retainer,ecommerce,PASS,,3,37a25a2f-1317-41a8-98cc-b6f24f794742,"",13,2026-09-02T18:39:13.4848550+02:00
ai-support-retainer,ecommerce,PASS,,3,98af08be-5e37-46d9-8879-88c21d63dbd7,"",5,2026-09-02T18:39:26.2911064+02:00
custom-software,ecommerce,PASS,,2,7952965c-1d30-4035-beb1-c55adaf92be9,"",5,2026-09-02T18:39:39.1119372+02:00
setup-quick,education_training,PASS,,2,2e755fd4-04b5-488c-b2b4-b71acbc1c152,"",5,2026-09-02T18:39:51.8306214+02:00
setup-full,education_training,PASS,,4,aa845cd8-bf19-4a15-b768-ccb5fc92b4cb,"",5,2026-09-02T18:40:04.7279979+02:00
setup-custom,education_training,PASS,,3,4065e17d-0ceb-46d0-8705-50beeef1846e,"",5,2026-09-02T18:40:17.3617600+02:00
audit,education_training,PASS,,2,54a67176-7ec8-4171-ba36-b5b92b1902a7,"",5,2026-09-02T18:40:29.9557094+02:00
integration,education_training,PASS,,3,6bb1c840-c95c-47b1-b930-208e24ef4df2,"",5,2026-09-02T18:40:42.8944723+02:00
workflow-design,education_training,PASS,,2,b15195e5-da20-4c26-a831-90ead8c0ef31,"",608,2026-09-02T18:50:59.2896325+02:00
support-priority,education_training,PASS,,2,0b4afe1f-25e2-4919-883a-2635b2e4347e,"",5,2026-09-02T18:51:11.8995348+02:00
support-dedicated,education_training,PASS,,2,7b71427c-8462-42fb-972b-e19e546b597d,"",5,2026-09-02T18:51:24.5616827+02:00
landing,education_training,PASS,,0,32db755f-0a58-4da0-a6a3-bc9f25b91a57,"",4,2026-09-02T18:51:37.0596592+02:00
website-business,education_training,PASS,,0,f4d684c1-da57-44c2-9f94-4678be5b8532,"",5,2026-09-02T18:51:49.6150669+02:00
website-ecommerce,education_training,PASS,,0,e8dafe8b-7bae-48dc-ad97-64666adeed9c,"",5,2026-09-02T18:52:02.1954737+02:00
white-label-setup,education_training,PASS,,2,a8afebcc-8c18-4666-88a3-947adfaaff50,"",5,2026-09-02T18:52:14.8158261+02:00
sales-enablement,education_training,PASS,,2,2790ee36-716a-4e5e-a912-6fa573cf99cc,"",5,2026-09-02T18:52:27.4487908+02:00
vertical-package,education_training,PASS,,2,e0026436-1e04-48a0-83ba-2d37c5426d44,"",5,2026-09-02T18:52:40.0117406+02:00
lead-gen-retainer,education_training,PASS,,3,98c14d11-d8ed-4c2b-a6e4-29e1dabb5b34,"",5,2026-09-02T18:52:52.5416981+02:00
ai-support-retainer,education_training,PASS,,3,9487e6fe-e6b4-45cb-9f68-f546e301c4f5,"",609,2026-09-02T19:03:09.4960590+02:00
custom-software,education_training,PASS,,2,79b9a375-008a-4444-be1f-c24a7414e479,"",5,2026-09-02T19:03:22.1187096+02:00
setup-quick,engineering_architecture,PASS,,2,e8a4c79e-73ed-48e4-a4d4-8e0db839644d,"",5,2026-09-02T19:03:34.6596277+02:00
setup-full,engineering_architecture,PASS,,4,b7f34d9b-e444-4f2e-9c08-7a35c6998b78,"",5,2026-09-02T19:03:47.3310626+02:00
setup-custom,engineering_architecture,PASS,,3,89b44010-b8ac-4ee0-83fa-c702e4f43d2a,"",5,2026-09-02T19:03:59.9432591+02:00
audit,engineering_architecture,PASS,,2,cbf110eb-0d97-4caf-8a6f-7902f27be80a,"",5,2026-09-02T19:04:12.7002126+02:00
integration,engineering_architecture,PASS,,3,c6c309c9-8cda-480a-8ed0-71689ef86323,"",4,2026-09-02T19:04:25.1957585+02:00
workflow-design,engineering_architecture,PASS,,2,a48fa24f-0356-4de6-ba0d-2f54da9194cc,"",5,2026-09-02T19:04:37.9585994+02:00
support-priority,engineering_architecture,PASS,,2,1af59de6-7bad-49f8-a694-841f0836e35a,"",5,2026-09-02T19:04:50.5697381+02:00
support-dedicated,engineering_architecture,PASS,,2,d6c7ade1-d02e-4982-9f54-bf10351323bd,"",5,2026-09-02T19:05:03.6222409+02:00
landing,engineering_architecture,PASS,,0,1657a57c-be74-451d-92f4-e9f325926a0a,"",608,2026-09-02T19:15:19.9202909+02:00
website-business,engineering_architecture,PASS,,0,80008f2b-f883-4008-bc54-06ea7f5da397,"",5,2026-09-02T19:15:32.4769284+02:00
website-ecommerce,engineering_architecture,PASS,,0,66e51660-7e4d-4e2a-9bae-4f1c8d316153,"",5,2026-09-02T19:15:45.0736857+02:00
white-label-setup,engineering_architecture,PASS,,2,710ac875-7724-497a-95cf-bdebd61b478e,"",5,2026-09-02T19:15:57.9644780+02:00
sales-enablement,engineering_architecture,PASS,,2,2e4c3b88-83ab-4289-9ed7-0c7dfced01e8,"",5,2026-09-02T19:16:10.5393170+02:00
vertical-package,engineering_architecture,PASS,,2,63c404db-918f-424b-925a-10dc6464e119,"",5,2026-09-02T19:16:23.2156744+02:00
lead-gen-retainer,engineering_architecture,PASS,,3,074aaa5c-942d-470b-85ef-58760c946525,"",9,2026-09-02T19:16:39.8975812+02:00
ai-support-retainer,engineering_architecture,PASS,,3,894d6f56-2667-49a4-8937-4f6dbf9001e6,"",5,2026-09-02T19:16:52.4901598+02:00
custom-software,engineering_architecture,PASS,,2,0153df15-d4fe-4487-82a5-d746d3ffca18,"",6,2026-09-02T19:17:06.4310412+02:00
setup-quick,engineering_science,PASS,,2,f9462176-9a5b-4186-b64e-146dccc4c760,"",5,2026-09-02T19:17:19.2343144+02:00
setup-full,engineering_science,PASS,,4,c38a955a-b718-4636-83ff-6152c6e470c3,"",609,2026-09-02T19:27:35.8510709+02:00
setup-custom,engineering_science,PASS,,3,8cf1742a-c790-4a45-bb9a-2ea8edbdc163,"",5,2026-09-02T19:27:48.4856367+02:00
audit,engineering_science,PASS,,2,f011ffb4-3ce1-49fc-94c5-6cd6efda7df6,"",5,2026-09-02T19:28:01.1170819+02:00
integration,engineering_science,PASS,,3,afee3565-66de-4a33-a384-1ff39dd06a64,"",5,2026-09-02T19:28:13.6270579+02:00
workflow-design,engineering_science,PASS,,2,1fedf7e5-57c5-4b56-941c-ef82f5b6ec23,"",5,2026-09-02T19:28:26.1519653+02:00
support-priority,engineering_science,PASS,,2,17c3e7a3-1967-45a5-8dc3-34ccd608e891,"",5,2026-09-02T19:28:38.7377917+02:00
support-dedicated,engineering_science,PASS,,2,5db64121-28e8-4900-9aa8-d4d00cdb571c,"",5,2026-09-02T19:28:51.2955401+02:00
landing,engineering_science,PASS,,0,ab96b9dd-71c8-4bbf-af50-9a7e6c3a214b,"",5,2026-09-02T19:29:04.0302776+02:00
website-business,engineering_science,PASS,,0,b06731ca-6683-410a-ba64-bb2256a34f86,"",5,2026-09-02T19:29:16.6397214+02:00
website-ecommerce,engineering_science,PASS,,0,449fe8d9-81c0-49f5-96ea-a76e0f112eea,"",5,2026-09-02T19:29:29.2211283+02:00
white-label-setup,engineering_science,PASS,,2,69fffa93-a151-4312-922c-40ace2fecf48,"",608,2026-09-02T19:39:45.6299819+02:00
sales-enablement,engineering_science,PASS,,2,8136d788-93ef-47ea-9798-841b92f20a72,"",5,2026-09-02T19:39:58.2361625+02:00
vertical-package,engineering_science,PASS,,2,3beb927b-b826-40b2-9157-226544888a3d,"",5,2026-09-02T19:40:11.2893215+02:00
lead-gen-retainer,engineering_science,PASS,,3,5c5cfd7d-21a2-4507-8a8a-18270a8148b3,"",9,2026-09-02T19:40:27.8922357+02:00
ai-support-retainer,engineering_science,PASS,,3,77679b44-0ae1-4af2-a909-6bbf69dd1acd,"",5,2026-09-02T19:40:40.7448976+02:00
custom-software,engineering_science,PASS,,2,d0bf442c-b89f-472c-92f4-6daa60159ebe,"",5,2026-09-02T19:40:53.3179836+02:00
setup-quick,finance_accounting,PASS,,2,90a046f3-80da-4924-a279-f545a8e52de6,"",5,2026-09-02T19:41:05.8822813+02:00
setup-full,finance_accounting,PASS,,4,651f7e62-2d9b-4c3b-bc80-fffd8267ec87,"",5,2026-09-02T19:41:18.3933689+02:00
setup-custom,finance_accounting,PASS,,3,a382d756-51f6-4267-a1ad-c07a5bc62f91,"",5,2026-09-02T19:41:31.1214843+02:00
audit,finance_accounting,PASS,,2,f9eebae2-2d18-4e35-86c1-98a50179ad21,"",5,2026-09-02T19:41:43.7556379+02:00
integration,finance_accounting,PASS,,3,90df25a6-99a0-4ab0-a596-63289245abc7,"",608,2026-09-02T19:52:00.1582221+02:00
workflow-design,finance_accounting,PASS,,2,7ec95bd3-5a4e-49ab-9e06-2c1e812e4f3a,"",5,2026-09-02T19:52:12.7844123+02:00
support-priority,finance_accounting,PASS,,2,3a4c13fe-bf06-4b6e-a7be-9325cda30467,"",5,2026-09-02T19:52:25.3334302+02:00
support-dedicated,finance_accounting,PASS,,2,de8e6a8f-955f-4275-ad67-ebbb864f83de,"",5,2026-09-02T19:52:37.8546860+02:00
landing,finance_accounting,PASS,,0,f2674613-8980-435c-91f5-74409f77381a,"",5,2026-09-02T19:52:50.5177862+02:00
website-business,finance_accounting,PASS,,0,03bdca98-69b2-45b6-99ae-7e926a8b7a3a,"",5,2026-09-02T19:53:03.2604927+02:00
website-ecommerce,finance_accounting,PASS,,0,6d6fb0ad-2ed5-4a11-85ca-af079b4476ea,"",5,2026-09-02T19:53:15.8528737+02:00
white-label-setup,finance_accounting,PASS,,2,38481d87-e9c1-4595-bfe4-0679dfe9f1db,"",5,2026-09-02T19:53:28.3554669+02:00
sales-enablement,finance_accounting,PASS,,2,a1ff9fae-928d-4f0c-89c4-27da23cd34e1,"",5,2026-09-02T19:53:41.0216938+02:00
vertical-package,finance_accounting,PASS,,2,5c672106-8495-47a8-869e-dfd2707de37d,"",9,2026-09-02T19:53:57.7664707+02:00
lead-gen-retainer,finance_accounting,PASS,,3,e38149c1-36d6-440e-933b-3800c9ff7981,"",617,2026-09-02T20:04:22.4737578+02:00
ai-support-retainer,finance_accounting,PASS,,3,0b314de3-7e43-45de-9568-1fce310a0394,"",5,2026-09-02T20:04:35.1222416+02:00
custom-software,finance_accounting,PASS,,2,c3f501f3-be49-41c4-a223-ace3b6d3ca79,"",5,2026-09-02T20:04:47.6722985+02:00
setup-quick,hr_recruiting,PASS,,2,a2e4fc52-8efa-4e04-94f2-75ed26c1fdcf,"",5,2026-09-02T20:05:00.4669831+02:00
setup-full,hr_recruiting,PASS,,4,5c7f1ff4-ec84-4d1e-8143-c9cf0059364a,"",5,2026-09-02T20:05:13.0161864+02:00
setup-custom,hr_recruiting,PASS,,3,991d6e08-7d80-4738-8295-d4fdd36f863e,"",5,2026-09-02T20:05:25.6293891+02:00
audit,hr_recruiting,PASS,,2,52126f58-9438-4843-8502-ee6eec8dfb63,"",5,2026-09-02T20:05:38.4032153+02:00
integration,hr_recruiting,PASS,,3,cb0fc9c7-0f46-4fcf-9c48-96ca0b0ea8a0,"",5,2026-09-02T20:05:51.0614079+02:00
workflow-design,hr_recruiting,PASS,,2,7a168e4f-b5db-4434-a000-9590d906ca40,"",5,2026-09-02T20:06:03.6556066+02:00
support-priority,hr_recruiting,PASS,,2,2f2f02ad-7a58-4f6b-be8d-f6495b88d92e,"",5,2026-09-02T20:06:16.3219575+02:00
support-dedicated,hr_recruiting,PASS,,2,339186b5-8c9c-4e68-aa3f-3491a64df42e,"",609,2026-09-02T20:16:32.8663520+02:00
landing,hr_recruiting,PASS,,0,3d373de0-af37-4a58-a6f2-9670e1cd1d8d,"",5,2026-09-02T20:16:45.7241479+02:00
website-business,hr_recruiting,PASS,,0,7bcf72db-3062-444b-bcad-3c464d88defb,"",5,2026-09-02T20:16:58.2715288+02:00
website-ecommerce,hr_recruiting,PASS,,0,024a7244-ca50-422d-87e1-76000cbea20b,"",6,2026-09-02T20:17:12.1552626+02:00
white-label-setup,hr_recruiting,PASS,,2,99713974-a407-4172-a4df-fabeb12d4379,"",5,2026-09-02T20:17:25.1202037+02:00
sales-enablement,hr_recruiting,PASS,,2,67da72d8-f49a-4276-a9ad-39b60debd220,"",4,2026-09-02T20:17:37.6220386+02:00
vertical-package,hr_recruiting,PASS,,2,cde85ef7-22ad-4754-86bd-475b91c310d7,"",5,2026-09-02T20:17:50.4843727+02:00
lead-gen-retainer,hr_recruiting,PASS,,3,b3c26c2e-5259-448e-94c6-96cc2f70b5b5,"",5,2026-09-02T20:18:03.1238386+02:00
ai-support-retainer,hr_recruiting,PASS,,3,1dd4132d-f946-4358-99b8-18f51f2af98d,"",5,2026-09-02T20:18:15.7311073+02:00
custom-software,hr_recruiting,PASS,,2,587458cc-a645-4578-8107-e3684bb8ba21,"",5,2026-09-02T20:18:28.4497631+02:00
setup-quick,legal_services,PASS,,2,cc53ee59-bb3e-46c3-9ba4-b76018466243,"",609,2026-09-02T20:28:45.2800401+02:00
setup-full,legal_services,PASS,,4,8fa8346a-98dd-42d0-aa40-0606bb0a6b14,"",5,2026-09-02T20:28:57.8489280+02:00
setup-custom,legal_services,PASS,,3,65a09ff0-5716-4070-846a-0713a70a8edf,"",5,2026-09-02T20:29:10.5002403+02:00
audit,legal_services,PASS,,2,f35d0029-efa3-421d-8dc6-a1d95427e4df,"",5,2026-09-02T20:29:23.3128509+02:00
integration,legal_services,PASS,,3,c0d163a1-ab78-4e81-942d-e32cc83b26b0,"",5,2026-09-02T20:29:35.9080633+02:00
workflow-design,legal_services,PASS,,2,ed16a1d0-bda2-4a97-aa1a-f30ee109d7e6,"",5,2026-09-02T20:29:48.5446332+02:00
support-priority,legal_services,PASS,,2,7ca688f5-92e9-4cb0-88fc-b1e002cc2c4a,"",5,2026-09-02T20:30:02.0009156+02:00
support-dedicated,legal_services,PASS,,2,927312b5-efd4-4e28-9ead-00ef34190b06,"",5,2026-09-02T20:30:14.5779021+02:00
landing,legal_services,PASS,,0,da97056b-82b8-4b5c-b78d-e3ce6dda550f,"",5,2026-09-02T20:30:27.5132536+02:00
website-business,legal_services,PASS,,0,26c584cd-f7e5-46a7-bd37-7ec077cb47d5,"",5,2026-09-02T20:30:40.2853380+02:00
website-ecommerce,legal_services,PASS,,0,2d1bde87-a9a6-4f79-a4f1-a3dc6b1e8a6f,"",545,2026-09-02T20:39:53.6734492+02:00
white-label-setup,legal_services,PASS,,2,3e64500d-526f-4c1e-a6cd-4b13bc98d51e,"",4,2026-09-02T20:40:06.1750995+02:00
sales-enablement,legal_services,PASS,,2,a5ee05ac-2c70-4138-8a34-e2ffac329c24,"",5,2026-09-02T20:40:18.7523115+02:00
vertical-package,legal_services,PASS,,2,e95b19e3-45e3-49c2-97e9-f101b92bc316,"",5,2026-09-02T20:40:31.3437986+02:00
lead-gen-retainer,legal_services,PASS,,3,72340b97-ff9c-440c-b457-1644f02ef5cd,"",9,2026-09-02T20:40:48.0338420+02:00
ai-support-retainer,legal_services,PASS,,3,639350a4-6b8b-4c15-8278-0ebcccbe5e23,"",5,2026-09-02T20:41:00.7237865+02:00
custom-software,legal_services,PASS,,2,e104a5a2-8a05-417a-9ca6-4d54a462f114,"",5,2026-09-02T20:41:13.3289181+02:00
setup-quick,localization,PASS,,2,4c3b7297-71c4-4d92-a607-a581221e9170,"",5,2026-09-02T20:41:25.8774078+02:00
setup-full,localization,PASS,,4,c083f606-b007-4203-ae6a-0b1b65e3604e,"",5,2026-09-02T20:41:38.5311212+02:00
setup-custom,localization,PASS,,3,01181c36-c5cf-4d09-bd71-eb2e22772445,"",5,2026-09-02T20:41:51.0958069+02:00
audit,localization,PASS,,2,e188c9b4-f034-44f9-b152-da9fea6fe912,"",546,2026-09-02T20:51:04.7892022+02:00
integration,localization,PASS,,3,569db513-1a90-4e9f-bca4-bf64ee21f959,"",5,2026-09-02T20:51:17.4362582+02:00
workflow-design,localization,PASS,,2,09f0f2df-dd29-44fb-a344-3831843ece2b,"",5,2026-09-02T20:51:30.3280789+02:00
support-priority,localization,PASS,,2,5a3e81f7-52c1-43d1-aea8-660ee7c56986,"",5,2026-09-02T20:51:42.9652404+02:00
support-dedicated,localization,PASS,,2,1a66d985-88ab-4084-ac3d-c3d622de4439,"",5,2026-09-02T20:51:55.4858071+02:00
landing,localization,PASS,,0,55efd8a8-0ff1-42f9-ae75-bbb70e84e183,"",5,2026-09-02T20:52:08.4011277+02:00
website-business,localization,PASS,,0,20cba856-3487-45dc-beb3-2a4361647c95,"",5,2026-09-02T20:52:21.1758073+02:00
website-ecommerce,localization,PASS,,0,e3c01403-3835-45fe-9624-ba7a3cd389d4,"",5,2026-09-02T20:52:33.8029293+02:00
white-label-setup,localization,PASS,,2,465e1b3c-a045-46ab-b057-5be9dcd59813,"",5,2026-09-02T20:52:46.4278032+02:00
sales-enablement,localization,PASS,,2,edb62949-e84d-4fa7-83f4-e0a24d1c3ba0,"",5,2026-09-02T20:52:58.9886208+02:00
vertical-package,localization,PASS,,2,9d9bcd4d-2efa-4893-a75b-b972fa7fbf1d,"",546,2026-09-02T21:02:12.5289286+02:00
lead-gen-retainer,localization,PASS,,3,a0b091b7-9a3f-4803-aaf8-ef5e8d59105b,"",9,2026-09-02T21:02:29.2870632+02:00
ai-support-retainer,localization,PASS,,3,7a3ae94e-f3ca-4a35-901b-fabd3d4c4cac,"",5,2026-09-02T21:02:41.9737792+02:00
custom-software,localization,PASS,,2,387ccba5-4492-4faa-8f79-115d00b533c7,"",5,2026-09-02T21:02:54.6807290+02:00
setup-quick,marketing,PASS,,2,340e5a67-47aa-4352-8d3b-640d269fb966,"",5,2026-09-02T21:03:07.2500503+02:00
setup-full,marketing,PASS,,4,e6c01b03-c72c-4119-b40b-4cf3d28e0b04,"",4,2026-09-02T21:03:19.7269057+02:00
setup-custom,marketing,PASS,,3,087e17e2-1b51-4c7e-9842-1aa9064f0a25,"",5,2026-09-02T21:03:32.2617027+02:00
audit,marketing,PASS,,2,a04424ce-320f-494e-8aae-699c0f32ca20,"",5,2026-09-02T21:03:44.7705625+02:00
integration,marketing,PASS,,3,85304da8-1e6e-43e4-aef5-2db09d7c740c,"",5,2026-09-02T21:03:57.2927015+02:00
workflow-design,marketing,PASS,,2,68cbedf2-f52a-4476-bf1d-2267bea39f56,"",5,2026-09-02T21:04:09.8830824+02:00
support-priority,marketing,PASS,,2,e4420ef6-2080-442b-9eb3-9ba21015fd53,"",546,2026-09-02T21:13:24.2860697+02:00
support-dedicated,marketing,PASS,,2,ad94fb65-7d6e-4206-b360-a39b88eeebe7,"",5,2026-09-02T21:13:36.8472618+02:00
landing,marketing,PASS,,0,f0200d74-fab9-4468-8083-4cd0379e8fea,"",5,2026-09-02T21:13:49.5231862+02:00
website-business,marketing,PASS,,0,c912ba0b-ae1d-46c5-b43e-4a5858d3a777,"",5,2026-09-02T21:14:02.1219739+02:00
website-ecommerce,marketing,PASS,,0,f9f28ac8-c101-453c-9849-0146bb000f19,"",5,2026-09-02T21:14:14.7757812+02:00
white-label-setup,marketing,PASS,,2,f58126c2-ba66-49ce-93b5-caaefcedca42,"",5,2026-09-02T21:14:27.3560048+02:00
sales-enablement,marketing,PASS,,2,dc08147f-8429-4120-9e64-6dee8f6b7d33,"",4,2026-09-02T21:14:39.8578470+02:00
vertical-package,marketing,PASS,,2,5749fe00-e033-436e-ae4d-e44347f3ac65,"",5,2026-09-02T21:14:52.4877994+02:00
lead-gen-retainer,marketing,PASS,,3,fb014fe4-266c-4e2e-a938-eecad9ef4191,"",9,2026-09-02T21:15:09.6945831+02:00
ai-support-retainer,marketing,PASS,,3,a322ee99-f05b-433f-8b0f-03246d8bd2c1,"",5,2026-09-02T21:15:22.3898190+02:00
custom-software,marketing,PASS,,2,ffeeca03-2245-4800-8baa-ad676bd1d7c9,"",546,2026-09-02T21:24:36.1260891+02:00
setup-quick,photography,PASS,,2,bf0485b4-ef97-4fbb-a831-590dae6e0d7f,"",5,2026-09-02T21:24:48.7276594+02:00
setup-full,photography,PASS,,4,34813062-d1ea-4f64-a71e-d3c1b73965d7,"",5,2026-09-02T21:25:01.2961306+02:00
setup-custom,photography,PASS,,3,9db6ec9a-08de-4894-b8c8-58b335ba3d34,"",4,2026-09-02T21:25:13.8172908+02:00
audit,photography,PASS,,2,751a0036-7ada-4766-ad3b-75b2aed229af,"",5,2026-09-02T21:25:26.3679033+02:00
integration,photography,PASS,,3,a978a88f-1ca5-4649-b227-c0469783144e,"",5,2026-09-02T21:25:39.0312675+02:00
workflow-design,photography,PASS,,2,86faa80b-40a4-4ee7-8e17-f0cd8966a00e,"",4,2026-09-02T21:25:51.5349952+02:00
support-priority,photography,PASS,,2,abba8d2f-8d9c-49b7-846c-80fd4159b690,"",5,2026-09-02T21:26:04.2419638+02:00
support-dedicated,photography,PASS,,2,bbb2e040-7cd1-499e-b1b3-fa7e8f7ad992,"",5,2026-09-02T21:26:16.8477194+02:00
landing,photography,PASS,,0,72f6a7b4-8cfe-4bd0-b9fc-7707fed72f78,"",5,2026-09-02T21:26:29.3991343+02:00
website-business,photography,PASS,,0,b7cc093c-e4ef-4c1e-88e2-f396993a9c43,"",546,2026-09-02T21:35:42.9317812+02:00
website-ecommerce,photography,PASS,,0,81621b5e-cf71-4ae8-a036-b12d78847e14,"",5,2026-09-02T21:35:55.5651801+02:00
white-label-setup,photography,PASS,,2,27f20675-64ad-49f9-90b3-49d7e011312f,"",5,2026-09-02T21:36:08.4872257+02:00
sales-enablement,photography,PASS,,2,b9aac1c8-70b8-458b-b6a1-fee12ad70998,"",5,2026-09-02T21:36:21.3126791+02:00
vertical-package,photography,PASS,,2,499fb712-4be6-467d-b316-5710780eb658,"",5,2026-09-02T21:36:33.9256399+02:00
lead-gen-retainer,photography,PASS,,3,b0ff1fd9-796e-4a57-a8cd-b812d9d24dd5,"",5,2026-09-02T21:36:46.5163800+02:00
ai-support-retainer,photography,PASS,,3,6f01021c-8ac4-4873-a477-e7e0319a42b8,"",5,2026-09-02T21:36:59.3508441+02:00
custom-software,photography,PASS,,2,1cdf6cbd-b656-423f-937d-bf525655f385,"",5,2026-09-02T21:37:12.2004964+02:00
setup-quick,product_project_management,PASS,,2,7b7e03c1-b40d-43f2-94b2-eb762a2490c1,"",5,2026-09-02T21:37:25.1047854+02:00
setup-full,product_project_management,PASS,,4,3741bfe1-2089-4e58-97af-56d9d86bcc89,"",5,2026-09-02T21:37:37.8209691+02:00
setup-custom,product_project_management,PASS,,3,1e786d96-c268-4624-8214-ad2ca45f95fc,"",546,2026-09-02T21:46:51.3531479+02:00
audit,product_project_management,PASS,,2,6b0a1b4c-394b-4bcf-b462-5ee291187822,"",5,2026-09-02T21:47:04.1509570+02:00
integration,product_project_management,PASS,,3,c33b4bfa-70b8-428f-bf40-ba10a2f9c2ab,"",5,2026-09-02T21:47:16.9201597+02:00
workflow-design,product_project_management,PASS,,2,1e5abb81-c2db-4eda-942a-0469f95912a7,"",5,2026-09-02T21:47:29.7158690+02:00
support-priority,product_project_management,PASS,,2,4cdbc566-c62f-4d2e-b8a3-a649af4438e9,"",5,2026-09-02T21:47:42.4267078+02:00
support-dedicated,product_project_management,PASS,,2,8fbf1874-46d5-418c-b653-4a9c46993788,"",5,2026-09-02T21:47:55.2402644+02:00
landing,product_project_management,PASS,,0,867fc1fe-81d0-42d4-ad26-5019568d0a16,"",5,2026-09-02T21:48:08.3677300+02:00
website-business,product_project_management,PASS,,0,6d497a09-60d1-499d-baf0-199d8cef1c99,"",5,2026-09-02T21:48:21.0570745+02:00
website-ecommerce,product_project_management,PASS,,0,9e4d5587-3205-4872-b19e-457a240b4894,"",5,2026-09-02T21:48:33.6559994+02:00
white-label-setup,product_project_management,PASS,,2,511d21b0-ee10-40cd-8dfb-7cdfdf0052ce,"",5,2026-09-02T21:48:46.3739762+02:00
sales-enablement,product_project_management,PASS,,2,a4aa0cf3-675c-46c2-992a-d5fa42a006ff,"",545,2026-09-02T21:57:59.8177941+02:00
vertical-package,product_project_management,PASS,,2,0e898606-6255-4d08-b510-cc2f6616bbe8,"",5,2026-09-02T21:58:12.3612325+02:00
lead-gen-retainer,product_project_management,PASS,,3,b5628fc5-c104-4e06-b502-d088d255cd3a,"",9,2026-09-02T21:58:29.1054211+02:00
ai-support-retainer,product_project_management,PASS,,3,b1824572-e033-4d19-b15b-e56cc1b99aeb,"",5,2026-09-02T21:58:41.7625742+02:00
custom-software,product_project_management,PASS,,2,8edb5199-add9-4fbf-940c-a3e13891dc29,"",5,2026-09-02T21:58:54.3595539+02:00
setup-quick,real_estate_services,PASS,,2,3f0b4a05-101f-4aea-8701-3543fcc4c3b0,"",5,2026-09-02T21:59:07.0364146+02:00
setup-full,real_estate_services,PASS,,4,6d07523b-c23b-467e-bfa6-7cc7ebb10da0,"",5,2026-09-02T21:59:19.6436532+02:00
setup-custom,real_estate_services,PASS,,3,aafc5f01-4b65-4528-853a-476775b092b1,"",5,2026-09-02T21:59:32.2690929+02:00
audit,real_estate_services,PASS,,2,f31f73b4-dca6-432a-b66f-10ad713d0d94,"",5,2026-09-02T21:59:44.9737563+02:00
integration,real_estate_services,PASS,,3,46d14bc8-28e2-40a7-8d10-ff906cf24b56,"",5,2026-09-02T21:59:57.7714424+02:00
workflow-design,real_estate_services,PASS,,2,3ee43c27-fe89-4e79-83db-dca4788d0981,"",545,2026-09-02T22:09:11.2558261+02:00
support-priority,real_estate_services,PASS,,2,ed363fc9-3fab-41e3-9197-0dff8f07ae80,"",4,2026-09-02T22:09:23.7551907+02:00
support-dedicated,real_estate_services,PASS,,2,30c964d5-fa59-4699-a49c-bf878a1f303f,"",5,2026-09-02T22:09:36.3057150+02:00
landing,real_estate_services,PASS,,0,a4ac6fae-f1bc-4e90-a745-adc80a1165e5,"",5,2026-09-02T22:09:48.8956766+02:00
website-business,real_estate_services,PASS,,0,5552c28a-7f75-402a-a31c-b138ecdbdcab,"",5,2026-09-02T22:10:01.7068412+02:00
website-ecommerce,real_estate_services,PASS,,0,a1c7d45d-b343-4d86-8b5d-f11d9ea7e4f8,"",5,2026-09-02T22:10:14.5915737+02:00
white-label-setup,real_estate_services,PASS,,2,9683113b-21ae-46b3-b09f-fc67d845749b,"",5,2026-09-02T22:10:27.2079397+02:00
sales-enablement,real_estate_services,PASS,,2,75852418-2318-468f-9615-7ceb325e5966,"",5,2026-09-02T22:10:39.8034225+02:00
vertical-package,real_estate_services,PASS,,2,99d17b0b-2fe3-41d0-a5e5-b870a2c15491,"",5,2026-09-02T22:10:52.5706769+02:00
lead-gen-retainer,real_estate_services,PASS,,3,7932f714-9ab8-4bf7-8d2f-9f4c3b2ae763,"",5,2026-09-02T22:11:05.6052365+02:00
ai-support-retainer,real_estate_services,PASS,,3,fb7ab308-ec1a-4233-837a-a46a25b8216b,"",546,2026-09-02T22:20:19.3674093+02:00
custom-software,real_estate_services,PASS,,2,eb238d8a-a7a9-44ce-8f1e-239b709e7c1d,"",5,2026-09-02T22:20:31.9765038+02:00
setup-quick,sales,PASS,,2,487ebf92-e39d-4239-92de-0ee62f414439,"",5,2026-09-02T22:20:44.6067453+02:00
setup-full,sales,PASS,,4,7e2d8b84-5e57-4d73-9083-bcfb26e2e2ae,"",5,2026-09-02T22:20:57.1635070+02:00
setup-custom,sales,PASS,,3,14167c2b-0349-4bfb-89a5-a811ef1a150d,"",5,2026-09-02T22:21:09.7184753+02:00
audit,sales,PASS,,2,4bdf1338-8691-4888-af7c-53242ab15fff,"",5,2026-09-02T22:21:22.3719173+02:00
integration,sales,PASS,,3,2353adc7-20a3-4892-8abb-da040ee91490,"",5,2026-09-02T22:21:34.9515094+02:00
workflow-design,sales,PASS,,2,90d09782-eab3-403e-ad04-687ab24b5beb,"",5,2026-09-02T22:21:47.6288347+02:00
support-priority,sales,PASS,,2,4c35bd31-f98f-47b8-83c2-78e1ab44aecd,"",5,2026-09-02T22:22:00.3243590+02:00
support-dedicated,sales,PASS,,2,bc5c1c18-15f4-4f59-81e7-bbfa7ef75e10,"",5,2026-09-02T22:22:12.9183861+02:00
landing,sales,PASS,,0,bfd4d6d1-71cf-43a3-8cb7-855dc72780e5,"",545,2026-09-02T22:31:26.2683483+02:00
website-business,sales,PASS,,0,2e667049-69e1-4240-b662-6e4bbf6823e1,"",5,2026-09-02T22:31:38.9676438+02:00
website-ecommerce,sales,PASS,,0,9ec51ad4-492a-449f-a4cf-403101ce53d4,"",4,2026-09-02T22:31:51.4846753+02:00
white-label-setup,sales,PASS,,2,49730266-f848-4ae9-a882-b74293d1fc05,"",5,2026-09-02T22:32:04.1145184+02:00
sales-enablement,sales,PASS,,2,63430610-7784-4132-a7c5-fb0ed009ba07,"",5,2026-09-02T22:32:16.7615198+02:00
vertical-package,sales,PASS,,2,afe07f0d-872d-44f4-81e9-55506f1ce83c,"",5,2026-09-02T22:32:29.4589683+02:00
lead-gen-retainer,sales,PASS,,3,70dc63b4-3031-4650-be60-50e4f7099c06,"",9,2026-09-02T22:32:46.5284793+02:00
ai-support-retainer,sales,PASS,,3,bd103012-4e4c-4c07-ae34-5d30730bbb9b,"",5,2026-09-02T22:32:59.2861858+02:00
custom-software,sales,PASS,,2,556033f0-e02d-4001-a4d9-08dbb720fbb9,"",5,2026-09-02T22:33:11.8233644+02:00
setup-quick,video_animation,PASS,,2,9f3005a8-1073-44b7-bacc-c4410eae3628,"",5,2026-09-02T22:33:24.5236094+02:00
setup-full,video_animation,PASS,,4,8dd61695-9937-476d-899e-f8e4d53a4cf2,"",546,2026-09-02T22:42:38.5398635+02:00
setup-custom,video_animation,PASS,,3,073964a7-3a5c-4f28-b533-1401b3cee56f,"",4,2026-09-02T22:42:51.0157414+02:00
audit,video_animation,PASS,,2,2a2faaeb-63f9-42ad-9692-820b10f1b0ac,"",5,2026-09-02T22:43:03.9024228+02:00
integration,video_animation,PASS,,3,d154cf17-e444-4da8-abe1-0f69ec17160e,"",5,2026-09-02T22:43:16.5895457+02:00
workflow-design,video_animation,PASS,,2,2cd38ce6-c47f-4ad4-bb11-77b52de12dbc,"",5,2026-09-02T22:43:29.2743186+02:00
support-priority,video_animation,PASS,,2,5bfa0939-f824-436f-aea8-2d000b06a795,"",4,2026-09-02T22:43:41.7448101+02:00
support-dedicated,video_animation,PASS,,2,853b571f-f81d-4d0f-8e06-85dba003aa4b,"",5,2026-09-02T22:43:54.5255625+02:00
landing,video_animation,PASS,,0,4dc43fa7-4335-4edc-b73d-3711cc6c3abe,"",5,2026-09-02T22:44:07.3024644+02:00
website-business,video_animation,PASS,,0,fdc05c59-4f55-4eb5-af8e-142d19d7f125,"",5,2026-09-02T22:44:19.9067670+02:00
website-ecommerce,video_animation,PASS,,0,688898bb-34a1-40cd-bd37-9daa0f48fb8f,"",5,2026-09-02T22:44:32.5685065+02:00
white-label-setup,video_animation,PASS,,2,20f60ed0-da65-42e4-901c-89f47ae0f245,"",546,2026-09-02T22:53:46.1083974+02:00
sales-enablement,video_animation,PASS,,2,7f1ea13c-8619-4b4b-b7f4-e51fb0f9e299,"",5,2026-09-02T22:53:58.7412792+02:00
vertical-package,video_animation,PASS,,2,2c180523-5d8a-4615-9dd8-c6ca687a7491,"",4,2026-09-02T22:54:11.2216027+02:00
lead-gen-retainer,video_animation,PASS,,3,86b59e5f-b775-4324-bb49-057fee044b5f,"",9,2026-09-02T22:54:27.9300395+02:00
ai-support-retainer,video_animation,PASS,,3,93f352dd-5291-433f-aadc-3ebd53c9a117,"",5,2026-09-02T22:54:40.5272511+02:00
custom-software,video_animation,PASS,,2,82d826e3-e15c-4509-a4de-6e5203a92fc2,"",5,2026-09-02T22:54:53.0596326+02:00
setup-quick,web3,PASS,,2,7de746a2-353a-45ef-add4-f58f45a9734c,"",5,2026-09-02T22:55:05.9147771+02:00
setup-full,web3,PASS,,4,fb56ba3e-fb97-4227-8dbf-1b33aaf893a7,"",5,2026-09-02T22:55:18.5174833+02:00
setup-custom,web3,PASS,,3,5ba52834-e352-41ff-aae4-70ffefa8b619,"",5,2026-09-02T22:55:31.1380763+02:00
audit,web3,PASS,,2,5c3aa022-b28c-4457-881e-2581c8645e15,"",5,2026-09-02T22:55:43.7005107+02:00
integration,web3,PASS,,3,c223673b-245b-4150-bd79-43a9cc9ad519,"",5,2026-09-03T10:15:13.1950844+02:00
workflow-design,web3,PASS,,2,77981b54-867a-4c90-a52a-fbf2282857bd,"",5,2026-09-03T10:15:25.9151034+02:00
support-priority,web3,PASS,,2,a065cacf-244e-4c2f-bb66-457d061bd020,"",5,2026-09-03T10:15:38.4446671+02:00
support-dedicated,web3,PASS,,2,8a7450be-4b7d-4610-9748-dd00bdc076a1,"",5,2026-09-03T10:15:51.0150197+02:00
landing,web3,PASS,,0,621d1b65-202b-4296-ab47-7e8e86edaa1b,"",5,2026-09-03T10:16:03.6307534+02:00
website-business,web3,PASS,,0,e6679e8e-9444-4bd3-b334-9a865b18c58f,"",5,2026-09-03T10:16:16.2471071+02:00
website-ecommerce,web3,PASS,,0,be09fbdc-fb82-47fb-8ed7-1f6a8dbe5206,"",5,2026-09-03T10:16:28.8785787+02:00
white-label-setup,web3,PASS,,2,a3a9fea4-eef0-43ad-a91b-1f0d953c2e38,"",5,2026-09-03T10:16:41.4328616+02:00
sales-enablement,web3,PASS,,2,c7b7cf21-d8b9-4844-879a-0faa7d7644ef,"",5,2026-09-03T10:16:54.0261295+02:00
vertical-package,web3,PASS,,2,cbc637a8-c5ef-4c84-9e32-e69cb12dd61d,"",5,2026-09-03T10:17:07.2434010+02:00
lead-gen-retainer,web3,PASS,,3,36f59abb-6120-40b9-ac53-ef4effecd9f3,"",617,2026-09-03T10:27:31.8617983+02:00
ai-support-retainer,web3,PASS,,3,47ced65a-3a3d-4c44-9e8e-9b485bdaf163,"",5,2026-09-03T10:27:44.6894132+02:00
custom-software,web3,PASS,,2,22376110-4278-4d9d-8f31-820b59801be4,"",5,2026-09-03T10:27:57.2503061+02:00
setup-quick,writing_translation,PASS,,2,0d20d211-1408-4abd-96e1-645e75e3306a,"",5,2026-09-03T10:28:09.8255149+02:00
setup-full,writing_translation,PASS,,4,164d98cc-f6f0-4ad7-b94e-a8274d3f715e,"",5,2026-09-03T10:28:22.4005032+02:00
setup-custom,writing_translation,PASS,,3,dad7b8a3-c5e7-4304-be18-22d6708f1690,"",5,2026-09-03T10:28:34.9074206+02:00
audit,writing_translation,PASS,,2,9f6a8ce4-5e07-44a4-9fd3-7021cfea2cdf,"",5,2026-09-03T10:28:47.5038172+02:00
integration,writing_translation,PASS,,3,f89360cf-8942-406f-b23b-1bb685f2d83a,"",5,2026-09-03T10:29:00.1781644+02:00
workflow-design,writing_translation,PASS,,2,af49fe17-f5a3-47e7-9ebd-37dd84dc89ac,"",5,2026-09-03T10:29:12.9826501+02:00
support-priority,writing_translation,PASS,,2,1f3f10fa-fd75-4151-a7cd-986539efaeba,"",5,2026-09-03T10:29:25.5643608+02:00
support-dedicated,writing_translation,PASS,,2,58cf0e1b-4b7b-45c0-9e3b-3ac9e13a3a2f,"",608,2026-09-03T10:39:42.0097177+02:00
landing,writing_translation,PASS,,0,a596c38f-ff21-44f7-a014-b5ea4d240bab,"",5,2026-09-03T10:39:54.5461520+02:00
website-business,writing_translation,PASS,,0,ca8da7c4-b566-454e-8bb3-28875de425b6,"",5,2026-09-03T10:40:07.3902150+02:00
website-ecommerce,writing_translation,PASS,,0,c3a60c30-fa82-44ca-b1d7-333e6cd4bb2b,"",5,2026-09-03T10:40:20.2530661+02:00
white-label-setup,writing_translation,PASS,,2,5f3028bd-3ad7-4742-ba58-07017f1ed95d,"",5,2026-09-03T10:40:32.8695470+02:00
sales-enablement,writing_translation,PASS,,2,55914dae-bcc5-4bd1-b900-0b27581fed30,"",5,2026-09-03T10:40:45.5641593+02:00
vertical-package,writing_translation,PASS,,2,d5088101-98c7-4e3f-ab6f-10df69742c75,"",5,2026-09-03T10:40:58.1415956+02:00
lead-gen-retainer,writing_translation,PASS,,3,2470e5c0-b1a6-4415-b069-515935e9601a,"",9,2026-09-03T10:41:14.8051512+02:00
ai-support-retainer,writing_translation,PASS,,3,5819af45-a619-4a33-b42d-d57ded394f3a,"",5,2026-09-03T10:41:27.3811501+02:00
custom-software,writing_translation,PASS,,2,2fd7b5a1-df2a-4447-871f-a37a85cf3683,"",5,2026-09-03T10:41:40.0800367+02:00
setup-quick,healthcare,PASS,,2,b3bf9d70-0344-4315-a630-ce9e178f9c9e,"",609,2026-09-03T10:51:56.6531126+02:00
setup-full,healthcare,PASS,,4,4eb52289-4ab7-4c16-a431-eef835a31e9f,"",5,2026-09-03T10:52:09.2949843+02:00
setup-custom,healthcare,PASS,,3,5c95ca65-636f-4daf-9acb-ac3eface2a38,"",5,2026-09-03T10:52:21.9238251+02:00
audit,healthcare,PASS,,2,352592d2-9e30-4f57-afb9-8d9a4152090a,"",4,2026-09-03T10:52:34.4340177+02:00
integration,healthcare,PASS,,3,955825a7-c237-41e1-aa96-8e8c8724fddc,"",5,2026-09-03T10:52:47.0277177+02:00
workflow-design,healthcare,PASS,,2,a0bdbc37-03b0-4385-a0ee-0430010fa5bb,"",5,2026-09-03T10:52:59.5984013+02:00
support-priority,healthcare,PASS,,2,9b1c0c07-2637-4bc1-9224-6195ed961b6a,"",5,2026-09-03T10:53:12.1955413+02:00
support-dedicated,healthcare,PASS,,2,1b371ada-8f30-4b36-a0cd-b5d968799326,"",5,2026-09-03T10:53:24.7190484+02:00
landing,healthcare,PASS,,0,4efcbe6c-c0b4-49b2-8758-63b20385ceb0,"",5,2026-09-03T10:53:37.2668732+02:00
website-business,healthcare,PASS,,0,b82c6127-b201-4116-a7da-6c350fc357b7,"",5,2026-09-03T10:53:49.8465480+02:00
website-ecommerce,healthcare,PASS,,0,7fe1ca91-9a66-4380-afd8-1983e4422cdf,"",609,2026-09-03T11:04:06.3927746+02:00
white-label-setup,healthcare,PASS,,2,ffaed4c0-4e2b-45dc-bf09-8f5c68bffacb,"",5,2026-09-03T11:04:19.0092447+02:00
sales-enablement,healthcare,PASS,,2,a19525c1-0be7-45b5-be07-cc1d8f3ac6f0,"",4,2026-09-03T11:04:31.5218884+02:00
vertical-package,healthcare,PASS,,2,da95132d-273c-4e90-a7f8-e820879a442f,"",5,2026-09-03T11:04:44.1320191+02:00
lead-gen-retainer,healthcare,PASS,,3,2ca31fd1-a174-4224-9510-55a0071eea62,"",17,2026-09-03T11:05:09.0082005+02:00
ai-support-retainer,healthcare,PASS,,3,fb6b91ec-f15a-4192-9234-1342b70aaf6c,"",5,2026-09-03T11:05:21.9948749+02:00
custom-software,healthcare,PASS,,2,effc11e2-1a22-4414-a9b9-192347d263f7,"",5,2026-09-03T11:05:34.5686979+02:00
setup-quick,legal,PASS,,2,2e5406d3-8c59-41d1-b488-dea74fd6d875,"",5,2026-09-03T11:05:47.2137249+02:00
setup-full,legal,PASS,,4,66cf8f84-024a-4583-a145-aef532d8f3bb,"",5,2026-09-03T11:05:59.7641774+02:00
setup-custom,legal,PASS,,3,cb5d58b7-fdc0-4079-bcb9-81c84f971ae4,"",5,2026-09-03T11:06:12.6003583+02:00
audit,legal,PASS,,2,e8d2994a-3166-4451-b670-414b7f4c2624,"",609,2026-09-03T11:16:29.4793723+02:00
integration,legal,PASS,,3,f3026e12-8c16-47d5-9d90-aaaa71efea70,"",5,2026-09-03T11:16:42.2804998+02:00
workflow-design,legal,PASS,,2,ed35947f-f254-4f23-bbcd-d9981587e18e,"",5,2026-09-03T11:16:55.1348531+02:00
support-priority,legal,PASS,,2,3f620df3-8496-486c-84f8-5a5fcf2e8332,"",6,2026-09-03T11:17:08.7876061+02:00
support-dedicated,legal,PASS,,2,263b62be-dde8-4250-98cd-79a04185cf2e,"",5,2026-09-03T11:17:21.5073275+02:00
landing,legal,PASS,,0,e25c32aa-a5cc-4dd5-9597-c215ad7039b2,"",5,2026-09-03T11:17:34.2007823+02:00
website-business,legal,PASS,,0,4f3da3ce-554d-42c5-a519-b43211cfe385,"",5,2026-09-03T11:17:46.7809594+02:00
website-ecommerce,legal,PASS,,0,4a91abfb-0936-4d9d-a324-8e4e1e2ecb5a,"",5,2026-09-03T11:17:59.3221188+02:00
white-label-setup,legal,PASS,,2,e9951621-f652-4f53-9db7-6cd8c42c94fc,"",5,2026-09-03T11:18:11.9473205+02:00
sales-enablement,legal,PASS,,2,3f78caa5-acf1-4cd1-aa4b-fd0e688fd211,"",4,2026-09-03T11:18:24.4294934+02:00
vertical-package,legal,PASS,,2,dec2d321-49f8-46ba-9a88-2ee5be53c2c3,"",609,2026-09-03T11:28:41.2283701+02:00
lead-gen-retainer,legal,PASS,,3,3d46a4b7-741f-487c-9691-061416f179ec,"",17,2026-09-03T11:29:05.9989907+02:00
ai-support-retainer,legal,PASS,,3,27ba43d6-6634-4dc6-8862-611c6fd90ce9,"",5,2026-09-03T11:29:18.5972795+02:00
custom-software,legal,PASS,,2,74d0e722-1560-4182-bfe4-e74b1e60cee0,"",5,2026-09-03T11:29:31.1670055+02:00
setup-quick,retail,PASS,,2,0320dc8f-348a-4c14-ac0a-c80ccd7f6378,"",5,2026-09-03T11:29:43.7094644+02:00
setup-full,retail,PASS,,4,1bcc27dd-4b44-4e3e-8169-5b46b07b5a5b,"",5,2026-09-03T11:29:56.2907679+02:00
setup-custom,retail,PASS,,3,deb6e92b-8cd6-49ab-94e3-0e3421e5745f,"",5,2026-09-03T11:30:09.1090317+02:00
audit,retail,PASS,,2,03976e20-7eec-4a18-a41f-18d2cd7a9848,"",5,2026-09-03T11:30:21.7436156+02:00
integration,retail,PASS,,3,3abd5eb4-3664-4f17-b9a9-1f72b6491fa5,"",5,2026-09-03T11:30:34.3990241+02:00
workflow-design,retail,PASS,,2,674667e3-63ce-4323-a3ab-bdd54b85b869,"",5,2026-09-03T11:30:47.6500682+02:00
support-priority,retail,PASS,,2,8701acd7-2b06-4347-8004-db1f60738978,"",608,2026-09-03T11:41:04.1273369+02:00
support-dedicated,retail,PASS,,2,62c79fff-4d81-482c-a954-426495588d82,"",5,2026-09-03T11:41:16.7878511+02:00
landing,retail,PASS,,0,0a6c461f-ee5a-46be-a5c5-e8417a7974af,"",5,2026-09-03T11:41:29.3081821+02:00
website-business,retail,PASS,,0,6278ed3e-2155-4d0f-b66c-05e120c71785,"",4,2026-09-03T11:41:41.7704931+02:00
website-ecommerce,retail,PASS,,0,20417c27-8546-4a6d-a804-6f47060b2619,"",4,2026-09-03T11:41:54.2624502+02:00
white-label-setup,retail,PASS,,2,6cd366e2-eaaa-45b5-bedf-d66dfc9df722,"",5,2026-09-03T11:42:06.9865512+02:00
sales-enablement,retail,PASS,,2,e2c9cce1-6c3d-4d95-8848-7d3700059458,"",5,2026-09-03T11:42:19.5859928+02:00
vertical-package,retail,PASS,,2,de0c7fe1-efe4-456a-847b-7a7599735e25,"",5,2026-09-03T11:42:32.1267230+02:00
lead-gen-retainer,retail,PASS,,3,f6f29725-84c6-4205-83c5-8e67faf24716,"",13,2026-09-03T11:42:52.9138718+02:00
ai-support-retainer,retail,PASS,,3,51b45c67-efaf-485d-b795-525cb47eb899,"",5,2026-09-03T11:43:05.6430064+02:00
custom-software,retail,PASS,,2,0373da58-c4d4-4f71-9f94-9175909b07dc,"",609,2026-09-03T11:53:22.3883573+02:00
setup-quick,hospitality,PASS,,2,ac06641a-8376-4549-b0a2-cd8dbd965555,"",5,2026-09-03T11:53:35.0296023+02:00
setup-full,hospitality,PASS,,4,e3bafa6e-10f2-4122-b4ec-843d40d6b454,"",5,2026-09-03T11:53:47.6708182+02:00
setup-custom,hospitality,PASS,,3,58f51022-3e7e-4b37-86d4-41d001f1f908,"",5,2026-09-03T11:54:00.2660055+02:00
audit,hospitality,PASS,,2,462be075-308d-40f9-bcde-8e26c3838f2e,"",5,2026-09-03T11:54:12.8865132+02:00
integration,hospitality,PASS,,3,5ba94ec6-cc5d-4de8-b6d2-89d47cfa69c7,"",5,2026-09-03T11:54:25.5542427+02:00
workflow-design,hospitality,PASS,,2,e8e7fff4-d010-4843-bbe0-f113163f6a56,"",5,2026-09-03T11:54:38.2638046+02:00
support-priority,hospitality,PASS,,2,68e0b326-0905-43e9-bdd2-8548bfc5a2f0,"",5,2026-09-03T11:54:50.8438484+02:00
support-dedicated,hospitality,PASS,,2,73eb6217-0782-4626-a271-cc096580f231,"",4,2026-09-03T11:55:03.2988754+02:00
landing,hospitality,PASS,,0,50a448f1-c306-43d2-ab9d-19788e43fe54,"",5,2026-09-03T11:55:15.8964981+02:00
website-business,hospitality,PASS,,0,bfdf47a2-14b2-49c7-8a6d-688fdf1aa2f3,"",608,2026-09-03T12:05:32.3880340+02:00
website-ecommerce,hospitality,PASS,,0,66bae81f-19cc-438e-8100-001256fdf30f,"",5,2026-09-03T12:05:45.0432422+02:00
white-label-setup,hospitality,PASS,,2,e276f71d-d83f-42a2-b0e7-b338fc76b892,"",5,2026-09-03T12:05:57.6179673+02:00
sales-enablement,hospitality,PASS,,2,e4a90b41-d103-4701-9b3b-906e4e8aa2d2,"",5,2026-09-03T12:06:10.9191166+02:00
vertical-package,hospitality,PASS,,2,6292e20d-080c-4505-8c84-aac25cc81540,"",5,2026-09-03T12:06:23.6058614+02:00
lead-gen-retainer,hospitality,PASS,,3,9c3e7763-6185-43a5-af79-cc907e4cadc8,"",9,2026-09-03T12:06:40.4367147+02:00
ai-support-retainer,hospitality,PASS,,3,fa3e68d1-62f3-498b-bbb9-f22bbf67f6cb,"",5,2026-09-03T12:06:53.1524074+02:00
custom-software,hospitality,PASS,,2,6b1c0e64-d9c0-40d9-b0d2-2bcf76fbf5e5,"",5,2026-09-03T12:07:05.9122706+02:00
setup-quick,construction,PASS,,2,ee8d1a3c-11e0-4c53-941b-a063cd1d98c7,"",5,2026-09-03T12:07:18.5227941+02:00
setup-full,construction,PASS,,4,f8c68e0c-ea51-4108-a39f-cc89b0935784,"",5,2026-09-03T12:07:31.3643005+02:00
setup-custom,construction,PASS,,3,d627adf0-47c6-4e85-ae2c-b2b8178e6482,"",545,2026-09-03T12:16:44.6654898+02:00
audit,construction,PASS,,2,cee71728-ff78-4d0b-9a32-06d2be36e295,"",5,2026-09-03T12:16:57.2266317+02:00
integration,construction,PASS,,3,416d3d15-52fd-4a6f-bf0a-56e877401f8c,"",5,2026-09-03T12:17:10.5534802+02:00
workflow-design,construction,PASS,,2,133d808c-e9af-46a8-885d-e22d5aa97f2d,"",5,2026-09-03T12:17:23.2251397+02:00
support-priority,construction,PASS,,2,6bd91ef9-7e44-400d-8dfe-8fe3df5451b2,"",5,2026-09-03T12:17:36.1950594+02:00
support-dedicated,construction,PASS,,2,28c312fb-9de2-45f7-966a-cda3615216f5,"",5,2026-09-03T12:17:48.9531917+02:00
landing,construction,PASS,,0,c3bdb6cc-dd2e-4a5f-b5ce-2eacd1396d58,"",5,2026-09-03T12:18:01.5890718+02:00
website-business,construction,PASS,,0,28ccc5b1-3d78-4023-892d-1ddb3dd1998f,"",5,2026-09-03T12:18:14.1104463+02:00
website-ecommerce,construction,PASS,,0,b37d0447-c261-439a-9d1e-a91889ab309c,"",5,2026-09-03T12:18:26.8622454+02:00
white-label-setup,construction,PASS,,2,2ea4c144-a342-42a5-b4fe-5bd8b8cd08f5,"",5,2026-09-03T12:18:39.3837751+02:00
sales-enablement,construction,PASS,,2,d8371b70-8e91-44b5-813c-12c60b6e8814,"",546,2026-09-03T12:27:52.9077544+02:00
vertical-package,construction,PASS,,2,2d001c96-8e07-4027-bb08-654c396ea5ef,"",5,2026-09-03T12:28:05.6923287+02:00
lead-gen-retainer,construction,PASS,,3,6ed10d92-ccba-4dfe-8164-c16f83d7cc23,"",17,2026-09-03T12:28:30.5953490+02:00
ai-support-retainer,construction,PASS,,3,db7738e7-547b-4be0-af77-a8e6b7f83e9c,"",5,2026-09-03T12:28:43.2861241+02:00
custom-software,construction,PASS,,2,e9fb0dde-3e22-4ea0-948a-7b67b8faedfb,"",5,2026-09-03T12:28:55.9354270+02:00
setup-quick,education,PASS,,2,99171f69-5933-461d-936b-9a4b9e919f56,"",5,2026-09-03T12:29:08.6538615+02:00
setup-full,education,PASS,,4,a1e1ebdb-d7ca-4e09-ba01-bfcdaf61c140,"",5,2026-09-03T12:29:21.1788277+02:00
setup-custom,education,PASS,,3,632d49d0-bed3-457d-8f13-eedcbf92d533,"",4,2026-09-03T12:29:33.6730759+02:00
audit,education,PASS,,2,bfa97bca-a86f-4dbf-a5c0-86717ef73ff8,"",5,2026-09-03T12:29:46.4088444+02:00
integration,education,PASS,,3,941f8081-4a35-47e7-8687-90db27f0a8e4,"",5,2026-09-03T12:29:59.0318092+02:00
workflow-design,education,PASS,,2,24ea4e16-4834-4910-a57c-6266a88a96d4,"",546,2026-09-03T12:39:12.5750929+02:00
support-priority,education,PASS,,2,4b061321-a5b8-4345-84ea-79bead3b4af0,"",5,2026-09-03T12:39:25.2122778+02:00
support-dedicated,education,PASS,,2,236bf02b-7d5e-49ac-8318-4857703b9aad,"",4,2026-09-03T12:39:37.7185086+02:00
landing,education,PASS,,0,eafd3877-e077-4d8a-9baf-edddf5521cca,"",5,2026-09-03T12:39:50.2736323+02:00
website-business,education,PASS,,0,4a409628-649e-4f2b-9eab-eac22b02a44e,"",5,2026-09-03T12:40:02.8439342+02:00
website-ecommerce,education,PASS,,0,b165c8cc-6612-42c8-a0ff-d254323a0d0a,"",5,2026-09-03T12:40:15.9385228+02:00
white-label-setup,education,PASS,,2,3a65ec16-4849-42dc-a74b-63925635bd83,"",4,2026-09-03T12:40:28.4168162+02:00
sales-enablement,education,PASS,,2,9d52383c-0a8b-4a18-8b63-c522b201d5ee,"",5,2026-09-03T12:40:41.0761837+02:00
vertical-package,education,PASS,,2,3b8e1cc7-0f6c-4977-a195-3cf9558852fe,"",5,2026-09-03T12:40:53.8060440+02:00
lead-gen-retainer,education,PASS,,3,7955a896-7b49-426e-a107-72007d93557f,"",17,2026-09-03T12:41:18.7445258+02:00
ai-support-retainer,education,PASS,,3,08860f85-fbd0-406e-a94e-8aecd819e1f4,"",545,2026-09-03T12:50:31.9816793+02:00
custom-software,education,PASS,,2,481b1044-da2f-48c0-b5fa-97a8abce7a47,"",5,2026-09-03T12:50:44.7070884+02:00
setup-quick,finance,PASS,,2,4f62aed6-8113-4685-a984-6582f34564f9,"",5,2026-09-03T12:50:57.3000682+02:00
setup-full,finance,PASS,,4,481535e1-0178-46fe-9330-dd6fd3729dc3,"",5,2026-09-03T12:51:09.8105061+02:00
setup-custom,finance,PASS,,3,49eacb4c-9d16-4fcd-a892-29bea7a61525,"",5,2026-09-03T12:51:22.8451179+02:00
audit,finance,PASS,,2,8aa8c9b8-8c60-4362-a0f5-9792227a6652,"",4,2026-09-03T12:51:35.3395085+02:00
integration,finance,PASS,,3,8fd4630f-c53f-4b1e-8656-935df502cef7,"",4,2026-09-03T12:51:47.7854345+02:00
workflow-design,finance,PASS,,2,2e9c4e49-b8bd-48fb-851a-d00c4de6298c,"",5,2026-09-03T12:52:00.2923401+02:00
support-priority,finance,PASS,,2,7ed9ebf3-cf93-4665-9596-2f35928f146a,"",5,2026-09-03T12:52:12.9033509+02:00
support-dedicated,finance,PASS,,2,f78ae349-cf74-4f24-b73d-437f7eed5ff5,"",5,2026-09-03T12:52:25.5501564+02:00
landing,finance,PASS,,0,29ac9a77-b160-4009-8160-99d141aef47d,"",546,2026-09-03T13:01:39.2549524+02:00
website-business,finance,PASS,,0,00b2ef48-d243-4bd1-9594-859d1508420f,"",5,2026-09-03T13:01:51.8161415+02:00
website-ecommerce,finance,PASS,,0,01c109d5-d535-44d8-a6dd-4807c3a1abc8,"",5,2026-09-03T13:02:04.8331164+02:00
white-label-setup,finance,PASS,,2,0a66aa83-b388-497d-8de7-05d25645ce4e,"",5,2026-09-03T13:02:17.5060388+02:00
sales-enablement,finance,PASS,,2,db2ac51d-3d25-4159-b663-322440d3fc1f,"",5,2026-09-03T13:02:30.3683706+02:00
vertical-package,finance,PASS,,2,139f4a40-58e8-479c-b39f-9988f7950dfc,"",5,2026-09-03T13:02:43.0423073+02:00
lead-gen-retainer,finance,PASS,,3,cb66651c-dfe4-4bba-b01e-17c4535cd50c,"",17,2026-09-03T13:03:08.2009018+02:00
ai-support-retainer,finance,PASS,,3,77042c5f-b61e-4193-aa11-5adf0db8a6ea,"",4,2026-09-03T13:03:20.6739602+02:00
custom-software,finance,PASS,,2,46ec65ca-76bd-4762-989d-43bb9b98646a,"",5,2026-09-03T13:03:33.2947626+02:00
setup-quick,logistics,PASS,,2,9c254be9-a8be-4640-9bb7-a530e384126f,"",5,2026-09-03T13:03:45.8164220+02:00
setup-full,logistics,PASS,,4,0c7976b8-14fd-428f-8376-c012aa8edc28,"",545,2026-09-03T13:12:59.0023218+02:00
setup-custom,logistics,PASS,,3,5208da1f-b44f-494a-9489-9709f6be500b,"",5,2026-09-03T13:13:11.6428077+02:00
audit,logistics,PASS,,2,a42ac9de-b3c1-49ed-9670-235c2ebb1efa,"",5,2026-09-03T13:13:24.2235079+02:00
integration,logistics,PASS,,3,3605e176-d268-4736-a489-1617d12671c3,"",5,2026-09-03T13:13:36.7853311+02:00
workflow-design,logistics,PASS,,2,ff7bc7ee-4eb9-4701-b9c6-03904a8076ec,"",5,2026-09-03T13:13:49.3650316+02:00
support-priority,logistics,PASS,,2,eafe25fc-a9ef-492d-8f01-67ddb0d5de82,"",5,2026-09-03T13:14:02.0523607+02:00
support-dedicated,logistics,PASS,,2,a3f4ad66-fc27-47d2-be49-718d289bc985,"",5,2026-09-03T13:14:14.8113735+02:00
landing,logistics,PASS,,0,32795253-fbe5-45e6-a08e-2f332f35e0fc,"",5,2026-09-03T13:14:27.4233725+02:00
website-business,logistics,PASS,,0,29a7ee35-9e06-43d3-a7fd-d0960a08ff73,"",5,2026-09-03T13:14:40.0073511+02:00
website-ecommerce,logistics,PASS,,0,3936dfe2-8eb0-4c95-bd51-a5dd302581f8,"",5,2026-09-03T13:14:52.5951052+02:00
white-label-setup,logistics,PASS,,2,dcc498ce-6c35-4178-9df0-5dc28bd03210,"",546,2026-09-03T13:24:06.2053290+02:00
sales-enablement,logistics,PASS,,2,e4565ca0-ce48-4816-b6cf-05a4a5c683c1,"",5,2026-09-03T13:24:18.8084633+02:00
vertical-package,logistics,PASS,,2,e68dad46-7fd3-4929-9d29-3d86c4b96582,"",5,2026-09-03T13:24:31.5550388+02:00
lead-gen-retainer,logistics,PASS,,3,27c4275b-f3f1-473c-8eb6-e39cc3a74dae,"",13,2026-09-03T13:24:52.2883982+02:00
ai-support-retainer,logistics,PASS,,3,df363ee4-faed-40c7-a0de-c3d0cda82fea,"",5,2026-09-03T13:25:04.8829246+02:00
custom-software,logistics,PASS,,2,9cf4112f-4e3f-493a-bc56-160856081bd1,"",5,2026-09-03T13:25:17.4960120+02:00
setup-quick,beauty,PASS,,2,1cc0f51d-4d86-49d6-a138-652fa2009d16,"",5,2026-09-03T13:25:30.0295789+02:00
setup-full,beauty,PASS,,4,8c5295c9-9da7-4b0b-8965-d40a580abd46,"",4,2026-09-03T13:25:42.5436632+02:00
setup-custom,beauty,PASS,,3,c7654ee6-f19e-457b-89a1-322be99df17f,"",5,2026-09-03T13:25:55.1064905+02:00
audit,beauty,PASS,,2,c4d09a27-40bf-4d69-909e-e56e12fbaa05,"",5,2026-09-03T13:26:08.0197542+02:00
integration,beauty,PASS,,3,f2cdb34f-eb3b-4d1d-b139-269b640413e7,"",545,2026-09-03T13:35:21.3943446+02:00
workflow-design,beauty,PASS,,2,1bf39d44-4e9f-4aab-9704-d09caff638e2,"",5,2026-09-03T13:35:33.9680200+02:00
support-priority,beauty,PASS,,2,7d92d57a-7455-4299-9d71-cbd0ba7942e4,"",5,2026-09-03T13:35:46.5692573+02:00
support-dedicated,beauty,PASS,,2,92699b9e-e5e9-40cb-8e07-bbfe7d24b355,"",5,2026-09-03T13:35:59.2049459+02:00
landing,beauty,PASS,,0,3d0b5186-9adb-4abf-8238-88a172021457,"",5,2026-09-03T13:36:11.9750765+02:00
website-business,beauty,PASS,,0,ea46ac8f-e848-491c-87d1-4c8ae243c31c,"",4,2026-09-03T13:36:24.4654010+02:00
website-ecommerce,beauty,PASS,,0,35b347ee-ead1-4004-9843-7d215e2a9db1,"",4,2026-09-03T13:36:36.9665093+02:00
white-label-setup,beauty,PASS,,2,fb69c192-c752-4f6f-acc4-6c8e868f2da1,"",5,2026-09-03T13:36:49.5556589+02:00
sales-enablement,beauty,PASS,,2,6f2b0daa-2a80-464d-861d-343947c0ed22,"",5,2026-09-03T13:37:02.1236113+02:00
vertical-package,beauty,PASS,,2,84b05858-7b05-442b-a055-c7b499be4934,"",5,2026-09-03T13:37:14.9528739+02:00
lead-gen-retainer,beauty,PASS,,3,39f4b77a-5ac8-4d06-abe4-2403a9068008,"",554,2026-09-03T13:46:36.5666101+02:00
ai-support-retainer,beauty,PASS,,3,d987067e-9b08-414b-ac73-84cfc4717287,"",5,2026-09-03T13:46:49.5810046+02:00
custom-software,beauty,PASS,,2,34bfb95b-105d-4a5b-a6ff-c4d4fe2873c5,"",5,2026-09-03T13:47:02.6822004+02:00
setup-quick,fitness,PASS,,2,da7abbed-d244-4619-a4b5-772abbcdb55e,"",5,2026-09-03T13:47:15.3167664+02:00
setup-full,fitness,PASS,,4,a453919b-bf3e-417f-b4b9-42777c747c99,"",5,2026-09-03T13:47:27.9619486+02:00
setup-custom,fitness,PASS,,3,f7cd57c7-bbe0-42cf-9d04-164f9ad9ddea,"",5,2026-09-03T13:47:40.6518634+02:00
audit,fitness,PASS,,2,25757967-083b-49a3-a28d-c875ae414328,"",7,2026-09-03T13:47:55.6553152+02:00
integration,fitness,PASS,,3,abc4aa7d-6aca-4c92-9385-1fb94c216406,"",5,2026-09-03T13:48:08.2372676+02:00
workflow-design,fitness,PASS,,2,27b58969-2a05-4fd4-b54c-fca2f871f344,"",5,2026-09-03T13:48:20.9301564+02:00
support-priority,fitness,PASS,,2,1cc4a746-6bcf-42a5-bc8b-ad05d6929de6,"",5,2026-09-03T13:48:33.6522013+02:00
support-dedicated,fitness,PASS,,2,66c9de15-1d60-4173-90db-334cd3d03395,"",545,2026-09-03T13:57:46.9101080+02:00
landing,fitness,PASS,,0,4caed187-ea50-4abe-8ece-f2f82172e787,"",5,2026-09-03T13:57:59.7260569+02:00
website-business,fitness,PASS,,0,b14a6699-2931-450c-a80d-07b918960677,"",5,2026-09-03T13:58:12.2987800+02:00
website-ecommerce,fitness,PASS,,0,203a0c9e-1b95-40a2-8d20-d3c03ac05167,"",5,2026-09-03T13:58:25.0410400+02:00
white-label-setup,fitness,PASS,,2,6e61cf66-2fb7-46f4-9c5e-165a2ace2211,"",5,2026-09-03T13:58:37.7571238+02:00
sales-enablement,fitness,PASS,,2,c7ac8c8b-8912-49a6-b1e2-7ee8dd8cc86a,"",5,2026-09-03T13:58:50.4872345+02:00
vertical-package,fitness,PASS,,2,cc24324b-a638-4799-8146-56eeb699038b,"",5,2026-09-03T13:59:03.0932391+02:00
lead-gen-retainer,fitness,PASS,,3,868f653f-0d53-4298-85c7-548e685207f9,"",13,2026-09-03T13:59:24.3857603+02:00
ai-support-retainer,fitness,PASS,,3,91e8534e-18b4-4b3b-b2be-d4a0968531ab,"",5,2026-09-03T13:59:36.9461254+02:00
custom-software,fitness,PASS,,2,38899cd9-bccc-42c8-ac5f-2e309dc33d69,"",5,2026-09-03T13:59:50.1130612+02:00
setup-quick,agriculture,PASS,,2,0902ce32-748c-44cb-9566-39085057ac15,"",546,2026-09-03T14:09:04.3508374+02:00
setup-full,agriculture,PASS,,4,825fffd9-e207-40b6-8a46-da0225cc3da4,"",5,2026-09-03T14:09:16.9739278+02:00
setup-custom,agriculture,PASS,,3,b04724de-34d1-459e-8799-e6cc7c275fd5,"",5,2026-09-03T14:09:29.6585444+02:00
audit,agriculture,PASS,,2,b288dada-9293-4e6b-8bfb-adadceb7c7ae,"",5,2026-09-03T14:09:42.4454437+02:00
integration,agriculture,PASS,,3,c29082b8-9fd6-4d8d-90f3-63d13e3d0b83,"",5,2026-09-03T14:09:55.0220536+02:00
workflow-design,agriculture,PASS,,2,183dd934-c0d8-48ee-8961-fd72cfaf74de,"",5,2026-09-03T14:10:07.6361655+02:00
support-priority,agriculture,PASS,,2,13aa9c26-c190-4c2d-974a-42bc0afd45ef,"",4,2026-09-03T14:10:20.1393649+02:00
support-dedicated,agriculture,PASS,,2,08dfbdff-965f-4a18-a197-729dd6e51042,"",5,2026-09-03T14:10:32.6651070+02:00
landing,agriculture,PASS,,0,6098e937-cc5a-4dc7-a7e7-e24eba664aa6,"",5,2026-09-03T14:10:45.2967888+02:00
website-business,agriculture,PASS,,0,76b3369a-0ab2-46ee-a668-7385184c78fc,"",5,2026-09-03T14:10:57.8641798+02:00
website-ecommerce,agriculture,PASS,,0,a5c544d0-edf7-42fd-bad1-2bc9493782f0,"",546,2026-09-03T14:20:11.6330953+02:00
white-label-setup,agriculture,PASS,,2,5f5f96fa-b9ef-4dce-87f0-89df9dc86293,"",5,2026-09-03T14:20:24.1770319+02:00
sales-enablement,agriculture,PASS,,2,512c53c0-f5c6-4da5-ac11-7b4c1e9ace77,"",5,2026-09-03T14:20:36.7869178+02:00
vertical-package,agriculture,PASS,,2,24873b47-52c9-4ed5-ae38-3d68949f9516,"",5,2026-09-03T14:20:49.4837939+02:00
lead-gen-retainer,agriculture,PASS,,3,a4f26fe1-224e-42c3-9fce-986d39efddae,"",17,2026-09-03T14:21:14.7022765+02:00
ai-support-retainer,agriculture,PASS,,3,f9daf067-b12b-4b4c-8afd-a69d948d8f91,"",5,2026-09-03T14:21:27.3992771+02:00
custom-software,agriculture,PASS,,2,ab196a7b-3873-45f7-8c8d-c4ac1eff22c6,"",5,2026-09-03T14:21:40.1659787+02:00
setup-quick,automotive,PASS,,2,a1cb97d2-ce7b-4602-9fdb-707837a8326a,"",5,2026-09-03T14:21:53.1495112+02:00
setup-full,automotive,PASS,,4,584034f6-ee2f-43f2-ab6d-9a2e60d5af31,"",5,2026-09-03T14:22:06.2269566+02:00
setup-custom,automotive,PASS,,3,c86d3d17-ac3b-47f1-8f64-2ed3e5e406ff,"",5,2026-09-03T14:22:18.8319177+02:00
audit,automotive,PASS,,2,7ce2b3c4-06ee-4d3b-bb82-23963428746c,"",545,2026-09-03T14:31:32.0985852+02:00
integration,automotive,PASS,,3,eada1e8d-f68c-4193-b8a3-12ff7c4945df,"",4,2026-09-03T14:31:44.5521256+02:00
workflow-design,automotive,PASS,,2,88bbe22e-f35b-4e13-8365-95f4a293ff20,"",5,2026-09-03T14:31:57.5249055+02:00
support-priority,automotive,PASS,,2,e0af9e89-1385-4d23-bda8-e591d782584b,"",5,2026-09-03T14:32:10.4424010+02:00
support-dedicated,automotive,PASS,,2,6cef3462-4716-4ed7-8545-fd27a673c258,"",5,2026-09-03T14:32:23.1650122+02:00
landing,automotive,PASS,,0,35331e26-34e9-44c2-8495-3d4c9baa0172,"",5,2026-09-03T14:32:35.8109495+02:00
website-business,automotive,PASS,,0,99f34458-6f70-4bc1-a17d-57f5bbc783a0,"",5,2026-09-03T14:32:48.7986450+02:00
website-ecommerce,automotive,PASS,,0,8ad6427f-6438-42e0-adc9-cd3fb2941b5a,"",5,2026-09-03T14:33:01.6170153+02:00
white-label-setup,automotive,PASS,,2,7fe41f27-040a-4c20-8522-f32bbef58086,"",5,2026-09-03T14:33:14.2018160+02:00
sales-enablement,automotive,PASS,,2,92a5e6e0-4a77-43fd-a1cf-45118b4f50c0,"",5,2026-09-03T14:33:26.8861997+02:00
vertical-package,automotive,PASS,,2,086a22ab-7ee0-4564-a1a1-b6eb2fc892fe,"",545,2026-09-03T14:42:40.1952215+02:00
lead-gen-retainer,automotive,PASS,,3,5aeaf1c0-dd19-4b51-a736-ba02c17b0dfa,"",9,2026-09-03T14:42:56.7906717+02:00
ai-support-retainer,automotive,PASS,,3,f623a36d-13df-460b-af9a-ac4975f3c736,"",5,2026-09-03T14:43:09.4258529+02:00
custom-software,automotive,PASS,,2,9e6e374a-2d84-4fa9-88a3-e178a33c784e,"",5,2026-09-03T14:43:22.1143418+02:00
setup-quick,real-estate,PASS,,2,edbafcfd-6f67-4505-87e5-ab83d05b6b48,"",5,2026-09-03T14:43:35.0130787+02:00
setup-full,real-estate,PASS,,4,2395ffeb-4a90-41a6-93ff-d51eeae8f2a0,"",5,2026-09-03T14:43:47.7107799+02:00
setup-custom,real-estate,PASS,,3,dc7d24e8-f684-45c0-96d9-60a3647f3299,"",5,2026-09-03T14:44:00.5014469+02:00
audit,real-estate,PASS,,2,6c36f79d-1cee-452e-bab4-ae44fffe3ec1,"",5,2026-09-03T14:44:13.1618102+02:00
integration,real-estate,PASS,,3,e7ff83a1-d045-4875-a68e-ca5f6235c698,"",5,2026-09-03T14:44:26.0247940+02:00
workflow-design,real-estate,PASS,,2,cd6201a2-6a96-4a26-8bf5-637ed4ec521e,"",5,2026-09-03T14:44:38.5788538+02:00
support-priority,real-estate,PASS,,2,574859d0-f102-4c3d-9302-0bdaa2b81724,"",546,2026-09-03T14:53:52.2268532+02:00
support-dedicated,real-estate,PASS,,2,7b77547a-0847-48c5-9354-2b57c6e185ea,"",5,2026-09-03T14:54:05.1522013+02:00
landing,real-estate,PASS,,0,ad2235a7-20bf-48c8-af8a-8cb7e74ac0ea,"",5,2026-09-03T14:54:17.7573892+02:00
website-business,real-estate,PASS,,0,13ce2245-3d79-4abe-87bd-93053cf5cddc,"",5,2026-09-03T14:54:30.4796226+02:00
website-ecommerce,real-estate,PASS,,0,25755392-a564-4d00-868a-46db1e7ec8fa,"",5,2026-09-03T14:54:43.1117700+02:00
white-label-setup,real-estate,PASS,,2,622ee3c9-9a5c-43d1-9dbb-5d698214b549,"",5,2026-09-03T14:54:55.6971629+02:00
sales-enablement,real-estate,PASS,,2,04e623bb-13cd-4615-933e-9c027f23a328,"",5,2026-09-03T14:55:08.5283822+02:00
vertical-package,real-estate,PASS,,2,e1ae9577-c5a8-4549-bd7d-e1f780a42290,"",5,2026-09-03T14:55:21.0807367+02:00
lead-gen-retainer,real-estate,PASS,,3,eabb57be-f1d0-463a-a856-0e641832edfb,"",13,2026-09-03T14:55:41.9617666+02:00
ai-support-retainer,real-estate,PASS,,3,b6972bd4-5e09-4a4e-be01-c0644fb47484,"",5,2026-09-03T14:55:54.6202456+02:00
custom-software,real-estate,PASS,,2,955c09e5-4769-421b-b7e5-44f2c4f65662,"",546,2026-09-03T15:05:08.6066310+02:00
setup-quick,manufacturing,PASS,,2,30597f23-70ce-4ef0-86cf-aafef52a622e,"",5,2026-09-03T15:05:21.5607665+02:00
setup-full,manufacturing,PASS,,4,3a2a679d-a89d-4531-ac12-151f44425df6,"",5,2026-09-03T15:05:34.2341863+02:00
setup-custom,manufacturing,PASS,,3,82dd8f22-50b2-4030-a286-2982a0d612cd,"",5,2026-09-03T15:05:46.7886557+02:00
audit,manufacturing,PASS,,2,63883e82-77e0-4e96-aba0-99e4e3dcff1a,"",4,2026-09-03T15:05:59.2708331+02:00
integration,manufacturing,PASS,,3,25e705ef-6279-4eaa-9b8b-8fd96f15af69,"",5,2026-09-03T15:06:11.9558730+02:00
workflow-design,manufacturing,PASS,,2,a43bf4ea-e268-4bad-a4b4-5197fb8598db,"",5,2026-09-03T15:06:24.6602402+02:00
support-priority,manufacturing,PASS,,2,d2929ef7-c8d5-40ff-a1a4-3971db03a5cb,"",4,2026-09-03T15:06:37.1558868+02:00
support-dedicated,manufacturing,PASS,,2,117abda2-094f-4bb0-b868-47a720e0258a,"",5,2026-09-03T15:06:49.8135443+02:00
landing,manufacturing,PASS,,0,181f0261-6fc3-4f2b-a5e7-877363087c92,"",5,2026-09-03T15:07:02.4393920+02:00
website-business,manufacturing,PASS,,0,d0e367d7-51ab-40ad-ae4d-42065f6287ed,"",546,2026-09-03T15:16:16.2853542+02:00
website-ecommerce,manufacturing,PASS,,0,f2da7353-9189-4366-8131-a7b038c84931,"",5,2026-09-03T15:16:28.9051619+02:00
white-label-setup,manufacturing,PASS,,2,590d79da-cdc5-4ab4-b37d-a2f984c842ec,"",5,2026-09-03T15:16:41.6927814+02:00
sales-enablement,manufacturing,PASS,,2,e77bcc3b-1473-4320-bdf4-0b4fd507d239,"",5,2026-09-03T15:16:54.7432627+02:00
vertical-package,manufacturing,PASS,,2,bd7865c2-828b-4eae-85d2-3aeae30b6b0a,"",6,2026-09-03T15:17:08.6566631+02:00
lead-gen-retainer,manufacturing,PASS,,3,6a373bce-61cf-4cf6-ab86-45a7a0a6366d,"",13,2026-09-03T15:17:29.6210818+02:00
ai-support-retainer,manufacturing,PASS,,3,8c006c7e-eec3-42e3-b65a-20fe2ddb65cd,"",5,2026-09-03T15:17:42.3042080+02:00
custom-software,manufacturing,PASS,,2,d9789d8b-8557-43fe-b475-2b8d8d1c2835,"",5,2026-09-03T15:17:55.5555371+02:00
setup-quick,technology,PASS,,2,3a65ebd2-40f5-4b00-874c-56a4d1f7bf1e,"",5,2026-09-03T15:18:08.4008778+02:00
setup-full,technology,PASS,,4,49c9e5d6-35e6-4df0-a94a-7f5d405549ee,"",5,2026-09-03T15:18:20.9978037+02:00
setup-custom,technology,PASS,,3,447d54e0-94be-493c-a399-a4822f02d142,"",547,2026-09-03T15:27:35.7741890+02:00
audit,technology,PASS,,2,97d73215-3b49-48b6-a90f-9c92b4f0f474,"",5,2026-09-03T15:27:48.4730210+02:00
integration,technology,PASS,,3,c594ea89-220e-4e8c-b1de-07f38919a9ff,"",5,2026-09-03T15:28:01.1724505+02:00
workflow-design,technology,PASS,,2,15237413-3ff2-4e0f-aede-4ff560364c6a,"",5,2026-09-03T15:28:13.9745374+02:00
support-priority,technology,PASS,,2,c7580899-0955-4e55-afe9-d9d8392e30cc,"",5,2026-09-03T15:28:26.5435744+02:00
support-dedicated,technology,PASS,,2,a76e79c9-04b3-4743-879d-47d2b1f09989,"",5,2026-09-03T15:28:39.3277746+02:00
landing,technology,PASS,,0,ed7fbe39-7986-4dc2-8195-80b32bdc9c49,"",5,2026-09-03T15:28:51.9241867+02:00
website-business,technology,PASS,,0,1a7ff88d-3b58-4d18-9285-1bfeeeef39fd,"",5,2026-09-03T15:29:04.7030431+02:00
website-ecommerce,technology,PASS,,0,64ce0c1d-16d1-444b-a9bc-fe187e9b7d19,"",5,2026-09-03T15:29:17.5847051+02:00
white-label-setup,technology,PASS,,2,8a4c6d98-bab7-4e95-a525-5627841db9f1,"",6,2026-09-03T15:29:31.4218227+02:00
sales-enablement,technology,PASS,,2,e0644b9f-d628-4d4e-b0a4-2d472ae9a3e1,"",546,2026-09-03T15:38:45.4755965+02:00
vertical-package,technology,PASS,,2,25133ff2-5b3e-4bce-847f-37dc0555b56f,"",5,2026-09-03T15:38:58.1441072+02:00
lead-gen-retainer,technology,PASS,,3,da17668f-9810-4e9c-ba9b-5971b7e43a74,"",22,2026-09-03T15:39:27.7881301+02:00
ai-support-retainer,technology,PASS,,3,a6324ee3-baf6-4aa0-91e3-98a904081bed,"",5,2026-09-03T15:39:40.3393323+02:00
custom-software,technology,PASS,,2,76fd75e3-45dd-4939-8963-b5cd591079f2,"",5,2026-09-03T15:39:53.3338762+02:00
setup-quick,media,PASS,,2,5be887ab-2284-4b7c-894d-371a87033523,"",6,2026-09-03T15:40:06.9354154+02:00
setup-full,media,PASS,,4,c061ea9a-5c0e-431b-a94a-284747cd1fb7,"",5,2026-09-03T15:40:19.8893286+02:00
setup-custom,media,PASS,,3,ce918af2-ff72-4e38-84b1-1611ff933b57,"",5,2026-09-03T15:40:32.4395609+02:00
audit,media,PASS,,2,d24ae199-7f92-4e2f-9390-f713da89be59,"",5,2026-09-03T15:40:44.9778092+02:00
integration,media,PASS,,3,9d1fb101-8aca-41d3-8a3e-0e2c42f8c170,"",5,2026-09-03T15:40:57.5388176+02:00
workflow-design,media,PASS,,2,99030892-f957-4e49-b199-98840389a8f7,"",547,2026-09-03T15:50:12.1001764+02:00
support-priority,media,PASS,,2,ab3eec29-e89c-4a13-8dd4-ad492807d545,"",5,2026-09-03T15:50:25.0914531+02:00
support-dedicated,media,PASS,,2,0c3292ec-abe4-48ba-92a4-1c3beaad2f32,"",5,2026-09-03T15:50:37.8550227+02:00
landing,media,PASS,,0,fc79495f-f13f-4d89-aadb-2156c3bd5a35,"",5,2026-09-03T15:50:50.7619775+02:00
website-business,media,PASS,,0,50496ffb-f434-49a8-b0d1-50d823358aa3,"",5,2026-09-03T15:51:04.0495583+02:00
website-ecommerce,media,PASS,,0,bf495b38-3933-428f-9aee-731f990cadb7,"",5,2026-09-03T15:51:17.0506406+02:00
white-label-setup,media,PASS,,2,cd908a7d-4218-41de-84b1-47191a4d4e8c,"",5,2026-09-03T15:51:29.6523788+02:00
sales-enablement,media,PASS,,2,68fa2cf2-2b24-44c9-ab80-672021c39264,"",6,2026-09-03T15:51:43.5656135+02:00
vertical-package,media,PASS,,2,59f27cb7-d8ee-4d2d-be66-979d112600f8,"",5,2026-09-03T15:51:56.2660916+02:00
lead-gen-retainer,media,PASS,,3,19f43ef4-007b-46f9-ad73-6dbda5c6647e,"",9,2026-09-03T15:52:13.2142359+02:00
ai-support-retainer,media,PASS,,3,4bc595b9-c05e-41b3-bb7c-9c16548b2ec8,"",571,2026-09-03T16:01:52.2961829+02:00
custom-software,media,PASS,,2,6e46f437-694d-4b38-b254-331385170eb7,"",158,2026-09-03T16:04:37.8222635+02:00
setup-quick,nonprofit,PASS,,2,fc31f48a-b3bd-46a8-841b-d5ec859416b8,"",5,2026-09-03T16:04:51.0944577+02:00
setup-full,nonprofit,PASS,,4,ae8bde32-e585-4d64-ae0b-adfef5fa9362,"",5,2026-09-03T16:05:03.9140149+02:00
setup-custom,nonprofit,PASS,,3,1c6bb312-77c0-403c-8ea0-91d93559d9f3,"",5,2026-09-03T16:05:16.6217889+02:00
audit,nonprofit,PASS,,2,7d8b14a8-b652-4a9f-a589-7260082680bf,"",5,2026-09-03T16:05:29.5524211+02:00
integration,nonprofit,PASS,,3,63a75528-368b-45fe-a9f1-06fe3bdcf469,"",14,2026-09-03T16:05:51.9548355+02:00
workflow-design,nonprofit,PASS,,2,e9996532-3337-4682-86fc-bfec88918c7c,"",65,2026-09-03T16:07:05.1414731+02:00
support-priority,nonprofit,PASS,,2,01385523-62c2-4d36-8c29-fd2b4e9572fb,"",5,2026-09-03T16:07:18.0260775+02:00
support-dedicated,nonprofit,PASS,,2,60371c4c-0945-4069-b55b-ee28fd790a03,"",4,2026-09-03T16:07:30.5094365+02:00
landing,nonprofit,PASS,,0,e5c34938-ddef-4342-b5e3-2be37e46430b,"",366,2026-09-03T16:13:44.2783849+02:00
website-business,nonprofit,PASS,,0,fbe949b4-653e-4b72-b6ba-65321470c052,"",5,2026-09-03T16:13:56.7996298+02:00
website-ecommerce,nonprofit,PASS,,0,0bfda1d5-e6e3-47b6-855f-71b403e8bc20,"",5,2026-09-03T16:14:09.4831749+02:00
white-label-setup,nonprofit,PASS,,2,bbe87f0c-d14a-486d-a094-40b80c71b0f0,"",5,2026-09-03T16:14:22.0237229+02:00
sales-enablement,nonprofit,PASS,,2,198269a1-cf98-4ef0-bb56-ee75eada27dd,"",5,2026-09-03T16:14:34.5685864+02:00
vertical-package,nonprofit,PASS,,2,f5d5fab6-a720-4464-881a-0813bd679eb7,"",5,2026-09-03T16:14:47.2088995+02:00
lead-gen-retainer,nonprofit,PASS,,3,68a302f0-d576-4fe3-9d9a-e84e792bef5e,"",11,2026-09-03T16:15:06.3876760+02:00
ai-support-retainer,nonprofit,PASS,,3,8f7ba679-a7e2-460d-a480-c7215f361ca9,"",5,2026-09-03T16:15:19.3035961+02:00
custom-software,nonprofit,PASS,,2,26377e72-1178-47bb-819e-30c56d840008,"",119,2026-09-03T16:17:26.6804635+02:00
setup-quick,government,PASS,,2,348a5f86-e10e-4939-b5f0-bc1b0c2876bc,"",5,2026-09-03T16:17:39.5509086+02:00
setup-full,government,PASS,,4,55641327-6c72-4f1e-938f-cad86fdb0ed2,"",365,2026-09-03T16:23:52.9603568+02:00
setup-custom,government,PASS,,3,9dce0cbd-abe3-446a-9df5-d5da458aba0e,"",5,2026-09-03T16:24:05.6416542+02:00
audit,government,PASS,,2,01bdab4d-bfc8-4564-9481-a1640ee6ad07,"",5,2026-09-03T16:24:18.4822249+02:00
integration,government,PASS,,3,22cd35fd-a81d-447e-876f-b6c4d6d47461,"",5,2026-09-03T16:24:31.8628908+02:00
workflow-design,government,PASS,,2,f07e4fac-453a-44e6-a3c7-02543e0a503d,"",6,2026-09-03T16:24:46.0711192+02:00
support-priority,government,PASS,,2,47fc0cdb-3064-49d1-ad81-91c80181569c,"",5,2026-09-03T16:24:59.3617730+02:00
support-dedicated,government,PASS,,2,842ced92-25db-4d80-988e-0d8830840869,"",5,2026-09-03T16:25:12.3069031+02:00
landing,government,PASS,,0,2473276b-2373-4877-9420-564308d5f357,"",5,2026-09-03T16:25:25.0966163+02:00
website-business,government,PASS,,0,c4eeaf23-544c-4451-95c7-d702ae47d58a,"",5,2026-09-03T16:25:37.8510445+02:00
website-ecommerce,government,PASS,,0,d5bdea8b-8f43-44c7-b5e5-8714d57cee9f,"",5,2026-09-03T16:25:51.0524859+02:00
white-label-setup,government,PASS,,2,634edb73-94aa-46f9-bb1c-cd0643233c01,"",549,2026-09-03T16:35:08.1607424+02:00
sales-enablement,government,PASS,,2,51ed5da4-4c6a-4623-ac39-fed8f5206de1,"",5,2026-09-03T16:35:21.4827257+02:00
vertical-package,government,PASS,,2,5fe299f1-bf5c-43fa-ad94-f1ede96d4e67,"",5,2026-09-03T16:35:34.0448701+02:00
lead-gen-retainer,government,PASS,,3,990eb186-8821-46ee-a46f-553a01b27ea8,"",25,2026-09-03T16:36:07.1259322+02:00
ai-support-retainer,government,PASS,,3,3e28226e-cb17-418b-93e8-036258e59835,"",5,2026-09-03T16:36:19.8409518+02:00
custom-software,government,PASS,,2,45486c8e-861b-4235-9012-db3ba2e20264,"",5,2026-09-03T16:36:32.5949843+02:00
setup-quick,energy,PASS,,2,a01977db-a12c-423c-83e5-6e7924e503ff,"",5,2026-09-03T16:36:45.4821996+02:00
setup-full,energy,PASS,,4,6e41a4cc-d7fc-4510-b861-d06b3eac60b2,"",5,2026-09-03T16:36:58.0966764+02:00
setup-custom,energy,PASS,,3,3a939690-c581-4c95-8463-6aa17c38dbfc,"",5,2026-09-03T16:37:11.3172432+02:00
audit,energy,PASS,,2,40428b21-608e-49c8-a15c-d6cd994c24bf,"",5,2026-09-03T16:37:23.8991987+02:00
integration,energy,PASS,,3,1a6ffc24-a44f-4d10-bb2e-6aaace59e4f7,"",545,2026-09-03T16:46:37.2438081+02:00
workflow-design,energy,PASS,,2,9748a041-4c82-4c66-bb10-8461789724b1,"",5,2026-09-03T16:46:49.8239294+02:00
support-priority,energy,PASS,,2,9a726566-24fc-4f3e-80bb-7065664dbf87,"",5,2026-09-03T16:47:02.4767049+02:00
support-dedicated,energy,PASS,,2,75547c5e-4139-4697-a006-edf0328cb626,"",5,2026-09-03T16:47:15.1418717+02:00
landing,energy,PASS,,0,9f88e97f-0411-4330-a452-3dcd547e1e04,"",5,2026-09-03T16:47:27.8990631+02:00
website-business,energy,PASS,,0,439f3608-c5fd-4183-9f64-49256e7efd8c,"",5,2026-09-03T16:47:40.5058013+02:00
website-ecommerce,energy,PASS,,0,078cdf54-d2b3-4d47-a000-69f69557f0f9,"",5,2026-09-03T16:47:53.1296691+02:00
white-label-setup,energy,PASS,,2,5aec9194-67d8-4b27-9f06-80934df81643,"",5,2026-09-03T16:48:05.8251493+02:00
sales-enablement,energy,PASS,,2,a66f0dc9-62aa-496a-854c-b3782936949b,"",5,2026-09-03T16:48:18.5703721+02:00
vertical-package,energy,PASS,,2,fbe80762-d85d-4f2c-aa5c-7ab90f95cf09,"",5,2026-09-03T16:48:31.2763567+02:00
lead-gen-retainer,energy,PASS,,3,9a5e51c1-9c9e-41f0-a19e-1eaafb86e9cb,"",560,2026-09-03T16:57:58.7960626+02:00
ai-support-retainer,energy,PASS,,3,fa1c7390-45dd-4264-b60c-66b937630c6e,"",5,2026-09-03T16:58:11.4346928+02:00
custom-software,energy,PASS,,2,f3d7dbb1-7539-4c3f-9697-69cfdf702f04,"",5,2026-09-03T16:58:24.1183154+02:00
setup-quick,travel,PASS,,2,e6a6f85e-9654-4af8-a8a2-10b72baf96d0,"",4,2026-09-03T16:58:36.6324181+02:00
setup-full,travel,PASS,,4,edaa0843-d963-41d3-8f8a-44ee7ff28480,"",5,2026-09-03T16:58:49.4567894+02:00
setup-custom,travel,PASS,,3,7d0b58ee-1d60-4daf-aa9d-aea6ea382996,"",5,2026-09-03T16:59:02.1491213+02:00
audit,travel,PASS,,2,f14e0403-ab05-4899-b380-cf09e3d7300e,"",5,2026-09-03T16:59:15.0739857+02:00
integration,travel,PASS,,3,4a70f218-20b6-4a8a-af3a-e9c59e8d2955,"",5,2026-09-03T16:59:28.0080510+02:00
workflow-design,travel,PASS,,2,1b18ec7f-93a8-437d-bc3e-b24616882a44,"",5,2026-09-03T16:59:41.0314132+02:00
support-priority,travel,PASS,,2,e6f62176-d6fd-4306-997a-9a4e3c031c52,"",5,2026-09-03T16:59:54.3956693+02:00
support-dedicated,travel,PASS,,2,31c36d54-1848-4970-8eb2-ebfcc17aea0d,"",546,2026-09-03T17:09:08.1968271+02:00
landing,travel,PASS,,0,93207f56-36d4-47c6-9e89-af1869db9db2,"",5,2026-09-03T17:09:20.9228219+02:00
website-business,travel,PASS,,0,39ce067b-169b-4476-a014-cdd8a1fcdc05,"",5,2026-09-03T17:09:33.4965227+02:00
website-ecommerce,travel,PASS,,0,a3392f46-d931-4d11-b2d5-39da8e195cb5,"",5,2026-09-03T17:09:46.2257690+02:00
white-label-setup,travel,PASS,,2,58982326-d59e-4de6-835a-ef6ec71ea29a,"",5,2026-09-03T17:09:58.8764396+02:00
sales-enablement,travel,PASS,,2,bd24aed1-ad10-4d13-86b0-313cfa1777b1,"",5,2026-09-03T17:10:11.4996680+02:00
vertical-package,travel,PASS,,2,edc68603-a682-4747-a57f-636c807fca96,"",5,2026-09-03T17:10:24.0813228+02:00
lead-gen-retainer,travel,PASS,,3,072f7496-f1ef-41c2-a2b9-fe69fb44d079,"",9,2026-09-03T17:10:40.9808131+02:00
ai-support-retainer,travel,PASS,,3,177ab0be-4c9b-468d-8ef9-1c4794101a03,"",5,2026-09-03T17:10:54.1131638+02:00
custom-software,travel,PASS,,2,459c4c0b-2d64-40d9-a851-65dc24656619,"",5,2026-09-03T17:11:06.9938303+02:00
setup-quick,professional,PASS,,2,8cb36179-b88c-4f43-9dc0-3d12fd0872e2,"",546,2026-09-03T17:20:20.5693664+02:00
setup-full,professional,PASS,,4,2a19f2a4-5fa2-4f84-8294-642f36a53ad7,"",5,2026-09-03T17:20:33.1053280+02:00
setup-custom,professional,PASS,,3,2c1adbf6-6635-4e4b-b436-f68abc3d7cf6,"",5,2026-09-03T17:20:45.8610078+02:00
audit,professional,PASS,,2,1bb84084-926a-44db-9704-bde222b8a543,"",5,2026-09-03T17:20:58.4649225+02:00
integration,professional,PASS,,3,533dc90c-8087-485e-b169-c8c37fb33b52,"",5,2026-09-03T17:21:11.0345200+02:00
workflow-design,professional,PASS,,2,e2fea522-234d-4ab5-bd4d-aad0bf2b5d23,"",5,2026-09-03T17:21:23.8737420+02:00
support-priority,professional,PASS,,2,50bc2a79-90d2-4380-b20f-615709f14650,"",5,2026-09-03T17:21:36.6092321+02:00
support-dedicated,professional,PASS,,2,e194b201-4905-47dc-bedb-f4a042a2ffb0,"",5,2026-09-03T17:21:49.3204522+02:00
landing,professional,PASS,,0,f60c07c9-4b3f-4927-93d2-e206b4399e6c,"",5,2026-09-03T17:22:01.9132462+02:00
website-business,professional,PASS,,0,af3df9fb-bcec-4354-b1bc-e6d5de815afb,"",5,2026-09-03T17:22:15.2125389+02:00
website-ecommerce,professional,PASS,,0,484361d1-3d91-42b1-b046-243a5d7d5fa4,"",546,2026-09-03T17:31:28.8206719+02:00
white-label-setup,professional,PASS,,2,e1ada784-3371-4a5d-b2fb-490fa84e7d6d,"",5,2026-09-03T17:31:41.5712512+02:00
sales-enablement,professional,PASS,,2,cbe40734-3889-45fe-b74c-d64c8cd6e487,"",5,2026-09-03T17:31:54.2365320+02:00
vertical-package,professional,PASS,,2,b89c1c2a-53a0-49e0-925d-2aa7cd39ddbf,"",5,2026-09-03T17:32:06.9282873+02:00
lead-gen-retainer,professional,PASS,,3,58c8aa61-a51c-4c97-a4eb-79e38f45adea,"",17,2026-09-03T17:32:31.9424791+02:00
ai-support-retainer,professional,PASS,,3,dea89c89-3165-4258-b3ab-1eb0f1c61135,"",5,2026-09-03T17:32:44.8623598+02:00
custom-software,professional,PASS,,2,2fd524db-a441-4b57-a41b-3d06338756a7,"",5,2026-09-03T17:32:57.6720982+02:00
setup-quick,entertainment,PASS,,2,b8469a07-0ef3-48f2-a2ae-ae847667a4e7,"",5,2026-09-03T17:33:10.7795478+02:00
setup-full,entertainment,PASS,,4,80c77fbb-4d99-4e5e-bc4e-8069acbb5d50,"",5,2026-09-03T17:33:23.5282528+02:00
setup-custom,entertainment,PASS,,3,055bd1c9-0196-43e8-bd25-e9a7eaccd7bb,"",5,2026-09-03T17:33:36.0584244+02:00
audit,entertainment,PASS,,2,4c0c9f38-c43a-4238-b433-27c38246ab50,"",546,2026-09-03T17:42:49.8279656+02:00
integration,entertainment,PASS,,3,19b0870b-fcf4-4fd0-9216-642613d896ab,"",5,2026-09-03T17:43:02.6131140+02:00
workflow-design,entertainment,PASS,,2,af79615f-9bce-4d65-bb35-ab89db5669db,"",5,2026-09-03T17:43:15.6609294+02:00
support-priority,entertainment,PASS,,2,a51c6c55-27a3-42e1-b171-3d85c0a57f88,"",5,2026-09-03T17:43:28.3442995+02:00
support-dedicated,entertainment,PASS,,2,0cb44db2-abd4-49e9-bd38-185e23229645,"",5,2026-09-03T17:43:40.9581448+02:00
landing,entertainment,PASS,,0,72b952ea-e5fd-4a67-93fa-617bf727989d,"",5,2026-09-03T17:43:53.8674853+02:00
website-business,entertainment,PASS,,0,89f4a7eb-2a16-40f2-9b7a-9b6bb3a83bc5,"",5,2026-09-03T17:44:06.4390420+02:00
website-ecommerce,entertainment,PASS,,0,d9193113-335d-4ebd-81e7-3e61fcc6113d,"",5,2026-09-03T17:44:19.5790430+02:00
white-label-setup,entertainment,PASS,,2,3d788c0d-c1a7-4e85-881e-bea46e087328,"",4,2026-09-03T17:44:32.0313835+02:00
sales-enablement,entertainment,PASS,,2,b09f9d63-7e25-487c-9ebb-8dca610fba23,"",5,2026-09-03T17:44:44.6407067+02:00
vertical-package,entertainment,PASS,,2,bc4ef823-7caa-4e22-8d73-cac18e29daa3,"",545,2026-09-03T17:53:57.9878358+02:00
lead-gen-retainer,entertainment,PASS,,3,e7f49fc5-6b7a-4405-adac-4a6c05573b0a,"",13,2026-09-03T17:54:19.1217009+02:00
ai-support-retainer,entertainment,PASS,,3,8d91690a-155c-406b-895a-a680cd8f77cf,"",5,2026-09-03T17:54:31.7315345+02:00
custom-software,entertainment,PASS,,2,f0037d21-0be3-4f05-a815-39ae47b0ccbf,"",5,2026-09-03T17:54:44.2971639+02:00
setup-quick,home_services,PASS,,2,8077be30-4297-4650-8922-d2e383ee86c4,"",5,2026-09-03T17:54:57.0019270+02:00
setup-full,home_services,PASS,,4,b6825231-5d45-47f9-b437-10a3abbcad6a,"",5,2026-09-03T17:55:09.6603273+02:00
setup-custom,home_services,PASS,,3,545e623b-a979-41f7-8013-16a331236910,"",5,2026-09-03T17:55:22.2900259+02:00
audit,home_services,PASS,,2,9b17c9d2-0134-4145-8ae6-05deadf2cbf7,"",5,2026-09-03T17:55:34.9261047+02:00
integration,home_services,PASS,,3,f22786e9-e2e8-4fcc-8428-8c802a7da4c1,"",5,2026-09-03T17:55:47.7085451+02:00
workflow-design,home_services,PASS,,2,2ffa88c2-959c-4463-bb32-176b08e71acf,"",5,2026-09-03T17:56:00.4832198+02:00
support-priority,home_services,PASS,,2,994b9507-a3c0-4211-b53d-059b80728da9,"",545,2026-09-03T18:05:13.8071766+02:00
support-dedicated,home_services,PASS,,2,9ef5afae-455e-4823-9105-d206eb8dd018,"",5,2026-09-03T18:05:26.6198107+02:00
landing,home_services,PASS,,0,ea300e44-de55-4747-9861-5f5306883e2d,"",5,2026-09-03T18:05:39.2636037+02:00
website-business,home_services,PASS,,0,cf3d311a-d28a-499a-87b0-30b9ec30fc65,"",5,2026-09-03T18:05:52.0446439+02:00
website-ecommerce,home_services,PASS,,0,4132542a-98a2-48ab-8e17-96f3a7704969,"",5,2026-09-03T18:06:04.6124927+02:00
white-label-setup,home_services,PASS,,2,e7de4c31-7b00-4be0-9ba4-5767297b1a42,"",4,2026-09-03T18:06:17.0934466+02:00
sales-enablement,home_services,PASS,,2,dcfd1198-3bcb-45f5-90cb-210318087092,"",4,2026-09-03T18:06:29.5871561+02:00
vertical-package,home_services,PASS,,2,391405c0-5244-4acb-9e7f-32e6ff4dc9a5,"",5,2026-09-03T18:06:42.2516474+02:00
lead-gen-retainer,home_services,PASS,,3,13fc8d93-aca6-4709-852c-57e866db23ed,"",9,2026-09-03T18:06:59.0531225+02:00
ai-support-retainer,home_services,PASS,,3,36d5fdc8-7d1f-4e03-a272-6d095ac5ce00,"",5,2026-09-03T18:07:11.5768689+02:00
custom-software,home_services,PASS,,2,56725557-c5eb-4125-b2cd-6b77dc0387ee,"",546,2026-09-03T18:16:25.3534813+02:00
setup-quick,pets,PASS,,2,8d5efcd0-c646-47e2-a4fc-d81cb2775221,"",5,2026-09-03T18:16:38.1460112+02:00
setup-full,pets,PASS,,4,28d4829c-7245-45f8-a43b-e406fc0cead7,"",5,2026-09-03T18:16:51.1857586+02:00
setup-custom,pets,PASS,,3,c0c78148-8e9c-4421-b8e7-fc5950aad408,"",5,2026-09-03T18:17:04.0245445+02:00
audit,pets,PASS,,2,2c9f57b1-f422-4941-80c0-ae874e036e57,"",5,2026-09-03T18:17:16.7581733+02:00
integration,pets,PASS,,3,d5d0fbd5-fd86-4201-9533-566e86dc739e,"",5,2026-09-03T18:17:29.8177706+02:00
workflow-design,pets,PASS,,2,bf1ad8c5-bdd1-4cba-82d1-ee6fe0310e29,"",5,2026-09-03T18:17:42.4059593+02:00
support-priority,pets,PASS,,2,dcb96aad-da86-4364-b318-74cae3a5fb57,"",5,2026-09-03T18:17:55.0997026+02:00
support-dedicated,pets,PASS,,2,5bd1e604-73e9-4f81-b43d-742a6b1de070,"",5,2026-09-03T18:18:07.8329282+02:00
landing,pets,PASS,,0,cb6960a3-b780-4e7a-9346-5ddfbe59523b,"",5,2026-09-03T18:18:20.4200659+02:00
website-business,pets,PASS,,0,4d04c2aa-26b9-47ca-ab94-90daa54688c0,"",546,2026-09-03T18:27:34.5688340+02:00
website-ecommerce,pets,PASS,,0,698e1091-978e-4b56-bdbd-9d7c45b39ce2,"",5,2026-09-03T18:27:47.2847717+02:00
white-label-setup,pets,PASS,,2,7915233f-8b07-40a5-a31b-186fc8c77af2,"",5,2026-09-03T18:28:00.0147268+02:00
sales-enablement,pets,PASS,,2,7d21994f-cb5e-483c-a888-fe746caea53e,"",4,2026-09-03T18:28:12.4992581+02:00
vertical-package,pets,PASS,,2,bff12470-5de2-4563-9f23-ad42dbc3152c,"",4,2026-09-03T18:28:24.9867839+02:00
lead-gen-retainer,pets,PASS,,3,492eb323-0a93-409c-8e7b-6f39af1f129b,"",13,2026-09-03T18:28:45.8365901+02:00
ai-support-retainer,pets,PASS,,3,554776bc-735c-4011-9011-f68ea3457dae,"",5,2026-09-03T18:28:58.3910127+02:00
custom-software,pets,PASS,,2,67ecf38d-5aaa-4075-bac6-ee79b2bea7d2,"",5,2026-09-03T18:29:10.9516641+02:00
setup-quick,industrial,PASS,,2,6fd85ae7-1fb7-40e3-8f49-211a706ea06b,"",5,2026-09-03T18:29:23.5189812+02:00
setup-full,industrial,PASS,,4,fdbd8142-42da-41fa-9275-de9d571a1832,"",5,2026-09-03T18:29:36.0940034+02:00
setup-custom,industrial,PASS,,3,5ff211cd-12d8-450e-b925-2e087d048910,"",546,2026-09-03T18:38:49.8377397+02:00
audit,industrial,PASS,,2,2f142a4b-7e86-4bc3-8156-6fcc6c14d921,"",5,2026-09-03T18:39:02.5772380+02:00
integration,industrial,PASS,,3,d3e4f47e-5fec-4f86-8bf9-a7aa720ea072,"",5,2026-09-03T18:39:15.0917283+02:00
workflow-design,industrial,PASS,,2,e9aa25a8-2030-46b6-b8ef-b5f54fd77cfd,"",5,2026-09-03T18:39:27.6083724+02:00
support-priority,industrial,PASS,,2,8417f211-b6a4-4407-b055-825fa5aad7be,"",5,2026-09-03T18:39:40.3737430+02:00
support-dedicated,industrial,PASS,,2,6051404d-eb83-4af6-b585-cc7986458ea6,"",4,2026-09-03T18:39:52.8822882+02:00
landing,industrial,PASS,,0,938a6704-a8b8-4a08-86d6-75d147d52f6a,"",5,2026-09-03T18:40:05.7193688+02:00
website-business,industrial,PASS,,0,b406c550-466b-409a-b1a2-73fa76405ab0,"",5,2026-09-03T18:40:18.3691918+02:00
website-ecommerce,industrial,PASS,,0,8ff665fd-f3af-4f25-904e-b4183dca03f6,"",4,2026-09-03T18:40:30.8748811+02:00
white-label-setup,industrial,PASS,,2,79514ad7-a4ce-4e2b-9811-df052d92b67f,"",5,2026-09-03T18:40:43.6420391+02:00
sales-enablement,industrial,PASS,,2,0e26c0d9-1360-4a8b-bfce-f1da318015f8,"",545,2026-09-03T18:49:56.9492009+02:00
vertical-package,industrial,PASS,,2,a426b18d-c836-43fc-98b0-3a45b4860413,"",5,2026-09-03T18:50:09.6895067+02:00
lead-gen-retainer,industrial,PASS,,3,872a882d-b4d3-4866-8776-c5bace26ae53,"",13,2026-09-03T18:50:30.5694471+02:00
ai-support-retainer,industrial,PASS,,3,dcc593db-235a-488a-83bd-969a0b406aad,"",5,2026-09-03T18:50:43.1409391+02:00
custom-software,industrial,PASS,,2,fd216b89-9101-47c1-b325-3056e8adf6c7,"",5,2026-09-03T18:50:55.7814065+02:00
