"deliverableId","industry","paymentId","publicUrl","absoluteUrl","jobStatus","reviewStatus","siteStatus","pageCount","catalogCount","httpStatus","contentBytes","title","liveOk","notes"
"landing","admin_support","f59edf1e-f474-4454-b270-4cb21b8c14f0","/sites/system-admin-f59edf1e","https://omnigrouptech.com/sites/system-admin-f59edf1e","completed","approved","published","3","0","200","26780","Landing + copy — System Admin | Omni Group Tech · Omni Group Tech","True","live_ok|has_signals"
"landing","agriculture","8ed9bce0-953c-49b5-83a5-9e097f430812","/sites/system-admin-8ed9bce0","https://omnigrouptech.com/sites/system-admin-8ed9bce0","completed","approved","published","3","0","200","26768","Landing + copy — System Admin | Omni Group Tech · Omni Group Tech","True","live_ok|has_signals"
"landing","ai_data","d417d43f-fa2f-4bc6-83bd-150a10646ab4","/sites/system-admin-d417d43f","https://omnigrouptech.com/sites/system-admin-d417d43f","completed","approved","published","3","0","200","26744","Landing + copy — System Admin | Omni Group Tech · Omni Group Tech","True","live_ok|has_signals"
"landing","audio_music","c06f0532-bd2d-4c23-83e1-89be10646fd2","/sites/system-admin-c06f0532","https://omnigrouptech.com/sites/system-admin-c06f0532","completed","approved","published","3","0","200","26768","Landing + copy — System Admin | Omni Group Tech · Omni Group Tech","True","live_ok|has_signals"
"landing","automotive","f59bdc05-7e1b-4046-91bf-f89faedf65f7","/sites/system-admin-f59bdc05","https://omnigrouptech.com/sites/system-admin-f59bdc05","completed","approved","published","3","0","200","26762","Landing + copy — System Admin | Omni Group Tech · Omni Group Tech","True","live_ok|has_signals"
"landing","beauty","72577217-4324-48eb-b5d0-d15bfe94d176","/sites/system-admin-72577217","https://omnigrouptech.com/sites/system-admin-72577217","completed","approved","published","3","0","200","26738","Landing + copy — System Admin | Omni Group Tech · Omni Group Tech","True","live_ok|has_signals"
"landing","business_consulting","26b131b5-34ed-4bdd-b48b-cecb1c6154dc","/sites/system-admin-26b131b5","https://omnigrouptech.com/sites/system-admin-26b131b5","completed","approved","published","3","0","200","26816","Landing + copy — System Admin | Omni Group Tech · Omni Group Tech","True","live_ok|has_signals"
"landing","community_moderation","25b38132-3e75-4157-89a6-91a2dbe0a0d4","/sites/system-admin-25b38132","https://omnigrouptech.com/sites/system-admin-25b38132","completed","approved","published","3","0","200","26822","Landing + copy — System Admin | Omni Group Tech · Omni Group Tech","True","live_ok|has_signals"
"landing","construction","417477c6-e734-4d0c-ae68-e92abbdacf6f","/sites/system-admin-417477c6","https://omnigrouptech.com/sites/system-admin-417477c6","completed","approved","published","3","0","200","26774","Landing + copy — System Admin | Omni Group Tech · Omni Group Tech","True","live_ok|has_signals"
"landing","creator_services","30dd9376-d432-4575-9d77-680e791c04bd","/sites/system-admin-30dd9376","https://omnigrouptech.com/sites/system-admin-30dd9376","completed","approved","published","3","0","200","26798","Landing + copy — System Admin | Omni Group Tech · Omni Group Tech","True","live_ok|has_signals"
"landing","customer_service","d3f71c6d-59dd-445a-9992-5124b39c4c34","/sites/system-admin-d3f71c6d","https://omnigrouptech.com/sites/system-admin-d3f71c6d","completed","approved","published","3","0","200","26798","Landing + copy — System Admin | Omni Group Tech · Omni Group Tech","True","live_ok|has_signals"
"landing","design_creative","1de9a53d-01c1-48ac-9553-c867be63419a","/sites/system-admin-1de9a53d","https://omnigrouptech.com/sites/system-admin-1de9a53d","completed","approved","published","3","0","200","26792","Landing + copy — System Admin | Omni Group Tech · Omni Group Tech","True","live_ok|has_signals"
"landing","development_it","8bb75429-dce8-4aaf-838d-0ad961a6dec2","/sites/system-admin-8bb75429","https://omnigrouptech.com/sites/system-admin-8bb75429","completed","approved","published","3","0","200","26786","Landing + copy — System Admin | Omni Group Tech · Omni Group Tech","True","live_ok|has_signals"
"landing","ecommerce","0e3faa45-69a5-49c1-90ce-8ca5349a5f4a","/sites/system-admin-0e3faa45","https://omnigrouptech.com/sites/system-admin-0e3faa45","completed","approved","published","3","0","200","26756","Landing + copy — System Admin | Omni Group Tech · Omni Group Tech","True","live_ok|has_signals"
"landing","education","3a977d8c-2419-4208-b683-a70f58919485","/sites/system-admin-3a977d8c","https://omnigrouptech.com/sites/system-admin-3a977d8c","completed","approved","published","3","0","200","26756","Landing + copy — System Admin | Omni Group Tech · Omni Group Tech","True","live_ok|has_signals"
"landing","education_training","91325abd-1634-41d0-b7f8-9f05c4de1f58","/sites/system-admin-91325abd","https://omnigrouptech.com/sites/system-admin-91325abd","completed","approved","published","3","0","200","26799","Landing + copy — System Admin | Omni Group Tech · Omni Group Tech","True","live_ok|has_signals"
"landing","energy","8914ecac-4864-4d9a-a6bd-36c5c6684b87","/sites/system-admin-8914ecac","https://omnigrouptech.com/sites/system-admin-8914ecac","completed","approved","published","3","0","200","26738","Landing + copy — System Admin | Omni Group Tech · Omni Group Tech","True","live_ok|has_signals"
"landing","engineering_architecture","0b791423-a742-4159-81e6-b22dc3811d78","/sites/system-admin-0b791423","https://omnigrouptech.com/sites/system-admin-0b791423","completed","approved","published","3","0","200","26846","Landing + copy — System Admin | Omni Group Tech · Omni Group Tech","True","live_ok|has_signals"
"landing","engineering_science","303d818a-7e44-4b50-8121-10762cc37f41","/sites/system-admin-303d818a","https://omnigrouptech.com/sites/system-admin-303d818a","completed","approved","published","3","0","200","26816","Landing + copy — System Admin | Omni Group Tech · Omni Group Tech","True","live_ok|has_signals"
"landing","entertainment","d2ed85ee-4d43-446f-9388-94f2951f048b","/sites/system-admin-d2ed85ee","https://omnigrouptech.com/sites/system-admin-d2ed85ee","completed","approved","published","3","0","200","26780","Landing + copy — System Admin | Omni Group Tech · Omni Group Tech","True","live_ok|has_signals"
"landing","finance","c7e1cce6-a46f-48bf-82c0-2968520e93ec","/sites/system-admin-c7e1cce6","https://omnigrouptech.com/sites/system-admin-c7e1cce6","completed","approved","published","3","0","200","26744","Landing + copy — System Admin | Omni Group Tech · Omni Group Tech","True","live_ok|has_signals"
"landing","finance_accounting","cca1e683-782e-4bf3-8684-c880daa4546f","/sites/system-admin-cca1e683","https://omnigrouptech.com/sites/system-admin-cca1e683","completed","approved","published","3","0","200","26793","Landing + copy — System Admin | Omni Group Tech · Omni Group Tech","True","live_ok|has_signals"
"landing","fitness","faa60f73-eb50-4552-b5f4-f67c8caa115e","/sites/system-admin-faa60f73","https://omnigrouptech.com/sites/system-admin-faa60f73","completed","approved","published","3","0","200","26744","Landing + copy — System Admin | Omni Group Tech · Omni Group Tech","True","live_ok|has_signals"
"landing","government","4dd1d41d-f99e-4fa7-8f9b-76ce1ef2ab40","/sites/system-admin-4dd1d41d","https://omnigrouptech.com/sites/system-admin-4dd1d41d","completed","approved","published","3","0","200","26762","Landing + copy — System Admin | Omni Group Tech · Omni Group Tech","True","live_ok|has_signals"
"landing","healthcare","983a4680-c0e6-484f-99bf-b18d6bc8782f","/sites/system-admin-983a4680","https://omnigrouptech.com/sites/system-admin-983a4680","completed","approved","published","3","0","200","26762","Landing + copy — System Admin | Omni Group Tech · Omni Group Tech","True","live_ok|has_signals"
"landing","home_services","c26e5a7d-65b5-4af6-80e7-90c7c7039e93","/sites/system-admin-c26e5a7d","https://omnigrouptech.com/sites/system-admin-c26e5a7d","completed","approved","published","3","0","200","26780","Landing + copy — System Admin | Omni Group Tech · Omni Group Tech","True","live_ok|has_signals"
"landing","hospitality","89dd23bb-2a69-4884-b60f-0f6fb8bbfff6","/sites/system-admin-89dd23bb","https://omnigrouptech.com/sites/system-admin-89dd23bb","completed","approved","published","3","0","200","26768","Landing + copy — System Admin | Omni Group Tech · Omni Group Tech","True","live_ok|has_signals"
"landing","hr_recruiting","f3747457-98ff-47bf-b285-d8ae95f19f2a","/sites/system-admin-f3747457","https://omnigrouptech.com/sites/system-admin-f3747457","completed","approved","published","3","0","200","26780","Landing + copy — System Admin | Omni Group Tech · Omni Group Tech","True","live_ok|has_signals"
"landing","industrial","d817e273-9452-4506-9f93-4315220c9dbd","/sites/system-admin-d817e273","https://omnigrouptech.com/sites/system-admin-d817e273","completed","approved","published","3","0","200","26762","Landing + copy — System Admin | Omni Group Tech · Omni Group Tech","True","live_ok|has_signals"
"landing","legal","e6db1fed-f452-4ba8-b2cb-0ba4f4e4454f","/sites/system-admin-e6db1fed","https://omnigrouptech.com/sites/system-admin-e6db1fed","completed","approved","published","3","0","200","26732","Landing + copy — System Admin | Omni Group Tech · Omni Group Tech","True","live_ok|has_signals"
"landing","legal_services","0fab7464-5559-4192-8cf0-24b7469e60b9","/sites/system-admin-0fab7464","https://omnigrouptech.com/sites/system-admin-0fab7464","completed","approved","published","3","0","200","26767","Landing + copy — System Admin | Omni Group Tech · Omni Group Tech","True","live_ok|has_signals"
"landing","localization","2a4333a4-2fe2-44c3-b0ee-7027ea52d070","/sites/system-admin-2a4333a4","https://omnigrouptech.com/sites/system-admin-2a4333a4","completed","approved","published","3","0","200","26774","Landing + copy — System Admin | Omni Group Tech · Omni Group Tech","True","live_ok|has_signals"
"landing","logistics","32024eca-3223-4439-89f7-1309468780b3","/sites/system-admin-32024eca","https://omnigrouptech.com/sites/system-admin-32024eca","completed","approved","published","3","0","200","26756","Landing + copy — System Admin | Omni Group Tech · Omni Group Tech","True","live_ok|has_signals"
"landing","manufacturing","73a28f9f-8702-44e7-810a-f24178b5f412","/sites/system-admin-73a28f9f","https://omnigrouptech.com/sites/system-admin-73a28f9f","completed","approved","published","3","0","200","26780","Landing + copy — System Admin | Omni Group Tech · Omni Group Tech","True","live_ok|has_signals"
"landing","marketing","6d39e5d2-2c74-4541-814e-935377b30d47","/sites/system-admin-6d39e5d2","https://omnigrouptech.com/sites/system-admin-6d39e5d2","completed","approved","published","3","0","200","26756","Landing + copy — System Admin | Omni Group Tech · Omni Group Tech","True","live_ok|has_signals"
"landing","media","77ea3489-7e01-42ff-9b94-af0d4f0f4692","/sites/system-admin-77ea3489","https://omnigrouptech.com/sites/system-admin-77ea3489","completed","approved","published","3","0","200","26732","Landing + copy — System Admin | Omni Group Tech · Omni Group Tech","True","live_ok|has_signals"
"landing","nonprofit","a9d94a0d-137b-42e1-9993-46c7c24e8039","/sites/system-admin-a9d94a0d","https://omnigrouptech.com/sites/system-admin-a9d94a0d","completed","approved","published","3","0","200","26756","Landing + copy — System Admin | Omni Group Tech · Omni Group Tech","True","live_ok|has_signals"
"landing","pets","4e37dadf-a2ee-4d7c-a0f9-458c491a5c79","/sites/system-admin-4e37dadf","https://omnigrouptech.com/sites/system-admin-4e37dadf","completed","approved","published","3","0","200","26726","Landing + copy — System Admin | Omni Group Tech · Omni Group Tech","True","live_ok|has_signals"
"landing","photography","2305a9e5-6057-49ba-b922-39d00bc4cc03","/sites/system-admin-2305a9e5","https://omnigrouptech.com/sites/system-admin-2305a9e5","completed","approved","published","3","0","200","26768","Landing + copy — System Admin | Omni Group Tech · Omni Group Tech","True","live_ok|has_signals"
"landing","product_project_management","9797ca59-f9b9-41d2-9747-c1be26c61f07","/sites/system-admin-9797ca59","https://omnigrouptech.com/sites/system-admin-9797ca59","completed","approved","published","3","0","200","26858","Landing + copy — System Admin | Omni Group Tech · Omni Group Tech","True","live_ok|has_signals"
"landing","professional","3a9a80a8-1939-4717-bbaf-f3c45cf1a96b","/sites/system-admin-3a9a80a8","https://omnigrouptech.com/sites/system-admin-3a9a80a8","completed","approved","published","3","0","200","26757","Landing + copy — System Admin | Omni Group Tech · Omni Group Tech","True","live_ok|has_signals"
"landing","real-estate","60726cc0-c5e5-45f0-a604-77bc466079bd","/sites/system-admin-60726cc0","https://omnigrouptech.com/sites/system-admin-60726cc0","completed","approved","published","3","0","200","26768","Landing + copy — System Admin | Omni Group Tech · Omni Group Tech","True","live_ok|has_signals"
"landing","real_estate_services","63945873-2589-4f32-a26e-f0b9550c761b","/sites/system-admin-63945873","https://omnigrouptech.com/sites/system-admin-63945873","completed","approved","published","3","0","200","26799","Landing + copy — System Admin | Omni Group Tech · Omni Group Tech","True","live_ok|has_signals"
"landing","retail","af24f59a-4947-4f18-94bb-781feb160fbf","/sites/system-admin-af24f59a","https://omnigrouptech.com/sites/system-admin-af24f59a","completed","approved","published","3","0","200","26738","Landing + copy — System Admin | Omni Group Tech · Omni Group Tech","True","live_ok|has_signals"
"landing","sales","9d30b156-b326-4501-bc8e-f53fdcc3bb13","/sites/system-admin-9d30b156","https://omnigrouptech.com/sites/system-admin-9d30b156","completed","approved","published","3","0","200","26732","Landing + copy — System Admin | Omni Group Tech · Omni Group Tech","True","live_ok|has_signals"
"landing","technology","8e125d75-c98e-4a25-a25b-3897a4389501","/sites/system-admin-8e125d75","https://omnigrouptech.com/sites/system-admin-8e125d75","completed","approved","published","3","0","200","26762","Landing + copy — System Admin | Omni Group Tech · Omni Group Tech","True","live_ok|has_signals"
"landing","travel","a34e25c0-891e-4318-b676-c9ca26d09ea3","/sites/system-admin-a34e25c0","https://omnigrouptech.com/sites/system-admin-a34e25c0","completed","approved","published","3","0","200","26738","Landing + copy — System Admin | Omni Group Tech · Omni Group Tech","True","live_ok|has_signals"
"landing","video_animation","6ee30488-09e8-4104-a7f1-9f5485262f73","/sites/system-admin-6ee30488","https://omnigrouptech.com/sites/system-admin-6ee30488","completed","approved","published","3","0","200","26792","Landing + copy — System Admin | Omni Group Tech · Omni Group Tech","True","live_ok|has_signals"
"landing","web3","a7c4ff7d-1f62-4f99-b2e0-350b5418c83a","/sites/system-admin-a7c4ff7d","https://omnigrouptech.com/sites/system-admin-a7c4ff7d","completed","approved","published","3","0","200","26726","Landing + copy — System Admin | Omni Group Tech · Omni Group Tech","True","live_ok|has_signals"
"landing","writing_translation","8ee3326f-8b99-4e96-8c68-87ecff8a195b","/sites/system-admin-8ee3326f","https://omnigrouptech.com/sites/system-admin-8ee3326f","completed","approved","published","3","0","200","26816","Landing + copy — System Admin | Omni Group Tech · Omni Group Tech","True","live_ok|has_signals"
"website-business","admin_support","99e23302-dd15-46a6-ae09-7115ac5fce84","/sites/system-admin-99e23302","https://omnigrouptech.com/sites/system-admin-99e23302","completed","approved","published","10","0","200","29422","Business website — System Admin | Omni Group Tech · Omni Group Tech","True","live_ok|has_signals"
"website-business","agriculture","b0e40d0a-7af1-456c-8ff6-c3ecef0bebbf","/sites/system-admin-b0e40d0a","https://omnigrouptech.com/sites/system-admin-b0e40d0a","completed","approved","published","10","0","200","29396","Business website — System Admin | Omni Group Tech · Omni Group Tech","True","live_ok|has_signals"
"website-business","ai_data","4df5ba98-4967-462d-9e42-a2c2ce14872e","/sites/system-admin-4df5ba98","https://omnigrouptech.com/sites/system-admin-4df5ba98","completed","approved","published","10","0","200","29344","Business website — System Admin | Omni Group Tech · Omni Group Tech","True","live_ok|has_signals"
"website-business","audio_music","0938605a-4e1b-408e-b15f-1c5599306e3c","/sites/system-admin-0938605a","https://omnigrouptech.com/sites/system-admin-0938605a","completed","approved","published","10","0","200","29396","Business website — System Admin | Omni Group Tech · Omni Group Tech","True","live_ok|has_signals"
"website-business","automotive","569e80eb-1979-47fa-a457-98fd10f9fee6","/sites/system-admin-569e80eb","https://omnigrouptech.com/sites/system-admin-569e80eb","completed","approved","published","10","0","200","29383","Business website — System Admin | Omni Group Tech · Omni Group Tech","True","live_ok|has_signals"
"website-business","beauty","6289326b-122e-4bd1-976a-911db5dfffd1","/sites/system-admin-6289326b","https://omnigrouptech.com/sites/system-admin-6289326b","completed","approved","published","10","0","200","29331","Business website — System Admin | Omni Group Tech · Omni Group Tech","True","live_ok|has_signals"
"website-business","business_consulting","c887b5c6-ccf7-45dd-93fa-344c3ec6675c","/sites/system-admin-c887b5c6","https://omnigrouptech.com/sites/system-admin-c887b5c6","completed","approved","published","10","0","200","29500","Business website — System Admin | Omni Group Tech · Omni Group Tech","True","live_ok|has_signals"
"website-business","community_moderation","50c2060b-4156-4e12-967f-76bf9758e68b","/sites/system-admin-50c2060b","https://omnigrouptech.com/sites/system-admin-50c2060b","completed","approved","published","10","0","200","29513","Business website — System Admin | Omni Group Tech · Omni Group Tech","True","live_ok|has_signals"
"website-business","construction","067c7aec-8c35-406a-8cc3-ae900ad19f8f","/sites/system-admin-067c7aec","https://omnigrouptech.com/sites/system-admin-067c7aec","completed","approved","published","10","0","200","29409","Business website — System Admin | Omni Group Tech · Omni Group Tech","True","live_ok|has_signals"
"website-business","creator_services","31fc2ba4-654f-42ff-afac-016b453b601e","/sites/system-admin-31fc2ba4","https://omnigrouptech.com/sites/system-admin-31fc2ba4","completed","approved","published","10","0","200","29461","Business website — System Admin | Omni Group Tech · Omni Group Tech","True","live_ok|has_signals"
"website-business","customer_service","0645796b-4638-4a80-b847-b618b31fc34b","/sites/system-admin-0645796b","https://omnigrouptech.com/sites/system-admin-0645796b","completed","approved","published","10","0","200","29461","Business website — System Admin | Omni Group Tech · Omni Group Tech","True","live_ok|has_signals"
"website-business","design_creative","e797fd0f-1e4e-40e6-b483-30eb13140bc3","/sites/system-admin-e797fd0f","https://omnigrouptech.com/sites/system-admin-e797fd0f","completed","approved","published","10","0","200","29448","Business website — System Admin | Omni Group Tech · Omni Group Tech","True","live_ok|has_signals"
"website-business","development_it","28d91fc9-ab8d-4bd7-afb4-77b5122ba614","/sites/system-admin-28d91fc9","https://omnigrouptech.com/sites/system-admin-28d91fc9","completed","approved","published","10","0","200","29435","Business website — System Admin | Omni Group Tech · Omni Group Tech","True","live_ok|has_signals"
"website-business","ecommerce","c8f4fc09-9ef2-488c-95c1-5a9515b91a0e","/sites/system-admin-c8f4fc09","https://omnigrouptech.com/sites/system-admin-c8f4fc09","completed","approved","published","10","0","200","29370","Business website — System Admin | Omni Group Tech · Omni Group Tech","True","live_ok|has_signals"
"website-business","education","0f44a4e7-a98d-436b-81f8-40024b733dba","/sites/system-admin-0f44a4e7","https://omnigrouptech.com/sites/system-admin-0f44a4e7","completed","approved","published","10","0","200","29370","Business website — System Admin | Omni Group Tech · Omni Group Tech","True","live_ok|has_signals"
"website-business","education_training","1299563b-9de3-441d-9d0a-f66e03f4c680","/sites/system-admin-1299563b","https://omnigrouptech.com/sites/system-admin-1299563b","completed","approved","published","10","0","200","29504","Business website — System Admin | Omni Group Tech · Omni Group Tech","True","live_ok|has_signals"
"website-business","energy","d10471c1-a156-4249-97dd-142e069cf28c","/sites/system-admin-d10471c1","https://omnigrouptech.com/sites/system-admin-d10471c1","completed","approved","published","10","0","200","29331","Business website — System Admin | Omni Group Tech · Omni Group Tech","True","live_ok|has_signals"
"website-business","engineering_architecture","dae9e81f-7764-4f59-b55b-b19caeb7e23e","/sites/system-admin-dae9e81f","https://omnigrouptech.com/sites/system-admin-dae9e81f","completed","approved","published","10","0","200","29565","Business website — System Admin | Omni Group Tech · Omni Group Tech","True","live_ok|has_signals"
"website-business","engineering_science","18d79ba3-748a-4937-9248-cba32332c506","/sites/system-admin-18d79ba3","https://omnigrouptech.com/sites/system-admin-18d79ba3","completed","approved","published","10","0","200","29500","Business website — System Admin | Omni Group Tech · Omni Group Tech","True","live_ok|has_signals"
"website-business","entertainment","0f0d564b-3b46-4c34-91af-a0f559867ff4","/sites/system-admin-0f0d564b","https://omnigrouptech.com/sites/system-admin-0f0d564b","completed","approved","published","10","0","200","29422","Business website — System Admin | Omni Group Tech · Omni Group Tech","True","live_ok|has_signals"
"website-business","finance","ebb30ca9-e14a-4e0c-95e5-a37ede03a20d","/sites/system-admin-ebb30ca9","https://omnigrouptech.com/sites/system-admin-ebb30ca9","completed","approved","published","10","0","200","29344","Business website — System Admin | Omni Group Tech · Omni Group Tech","True","live_ok|has_signals"
"website-business","finance_accounting","bc662b93-2023-411c-9c35-a35e2472a39d","/sites/system-admin-bc662b93","https://omnigrouptech.com/sites/system-admin-bc662b93","completed","approved","published","10","0","200","29484","Business website — System Admin | Omni Group Tech · Omni Group Tech","True","live_ok|has_signals"
"website-business","fitness","c2d1f7a4-6aaa-4e52-9234-61bed9949a32","/sites/system-admin-c2d1f7a4","https://omnigrouptech.com/sites/system-admin-c2d1f7a4","completed","approved","published","10","0","200","29344","Business website — System Admin | Omni Group Tech · Omni Group Tech","True","live_ok|has_signals"
"website-business","government","65334699-fb1e-42db-bcdf-e67676b15bd9","/sites/system-admin-65334699","https://omnigrouptech.com/sites/system-admin-65334699","completed","approved","published","10","0","200","29383","Business website — System Admin | Omni Group Tech · Omni Group Tech","True","live_ok|has_signals"
"website-business","healthcare","721b8a4e-cad3-4bbc-b19f-37fdbe5fc69e","/sites/system-admin-721b8a4e","https://omnigrouptech.com/sites/system-admin-721b8a4e","completed","approved","published","10","0","200","29383","Business website — System Admin | Omni Group Tech · Omni Group Tech","True","live_ok|has_signals"
"website-business","home_services","71552372-9a4a-40a2-ae73-62addc9441c4","/sites/system-admin-71552372","https://omnigrouptech.com/sites/system-admin-71552372","completed","approved","published","10","0","200","29422","Business website — System Admin | Omni Group Tech · Omni Group Tech","True","live_ok|has_signals"
"website-business","hospitality","8109449f-4306-48c3-8309-fb573a728560","/sites/system-admin-8109449f","https://omnigrouptech.com/sites/system-admin-8109449f","completed","approved","published","10","0","200","29396","Business website — System Admin | Omni Group Tech · Omni Group Tech","True","live_ok|has_signals"
"website-business","hr_recruiting","561a1aa8-a6b7-4064-8e97-9458dfbbcf89","/sites/system-admin-561a1aa8","https://omnigrouptech.com/sites/system-admin-561a1aa8","completed","approved","published","10","0","200","29422","Business website — System Admin | Omni Group Tech · Omni Group Tech","True","live_ok|has_signals"
"website-business","industrial","dde7cc98-9ace-41d5-af2f-e35ed295025d","/sites/system-admin-dde7cc98","https://omnigrouptech.com/sites/system-admin-dde7cc98","completed","approved","published","10","0","200","29383","Business website — System Admin | Omni Group Tech · Omni Group Tech","True","live_ok|has_signals"
"website-business","legal","b52f6467-ed17-4a67-8c63-370e999d3a94","/sites/system-admin-b52f6467","https://omnigrouptech.com/sites/system-admin-b52f6467","completed","approved","published","10","0","200","29318","Business website — System Admin | Omni Group Tech · Omni Group Tech","True","live_ok|has_signals"
"website-business","legal_services","fa78a46c-82e7-400d-b530-4ac6784453c0","/sites/system-admin-fa78a46c","https://omnigrouptech.com/sites/system-admin-fa78a46c","completed","approved","published","10","0","200","29430","Business website — System Admin | Omni Group Tech · Omni Group Tech","True","live_ok|has_signals"
"website-business","localization","6110ab7d-59be-4971-ba29-c3199f05763a","/sites/system-admin-6110ab7d","https://omnigrouptech.com/sites/system-admin-6110ab7d","completed","approved","published","10","0","200","29409","Business website — System Admin | Omni Group Tech · Omni Group Tech","True","live_ok|has_signals"
"website-business","logistics","3f9e73c8-1d31-4c44-a3a0-527205173488","/sites/system-admin-3f9e73c8","https://omnigrouptech.com/sites/system-admin-3f9e73c8","completed","approved","published","10","0","200","29370","Business website — System Admin | Omni Group Tech · Omni Group Tech","True","live_ok|has_signals"
"website-business","manufacturing","0af21ac4-c72d-4590-8ed2-68b37b07ab36","/sites/system-admin-0af21ac4","https://omnigrouptech.com/sites/system-admin-0af21ac4","completed","approved","published","10","0","200","29422","Business website — System Admin | Omni Group Tech · Omni Group Tech","True","live_ok|has_signals"
"website-business","marketing","99cd419a-705c-40c5-91f1-1d6a7a034550","/sites/system-admin-99cd419a","https://omnigrouptech.com/sites/system-admin-99cd419a","completed","approved","published","10","0","200","29370","Business website — System Admin | Omni Group Tech · Omni Group Tech","True","live_ok|has_signals"
"website-business","media","878501d4-8330-487c-884f-b8850c7b4ca3","/sites/system-admin-878501d4","https://omnigrouptech.com/sites/system-admin-878501d4","completed","approved","published","10","0","200","29318","Business website — System Admin | Omni Group Tech · Omni Group Tech","True","live_ok|has_signals"
"website-business","nonprofit","fad11425-4302-4ec5-bd9a-f5f5f7c9e61b","/sites/system-admin-fad11425","https://omnigrouptech.com/sites/system-admin-fad11425","completed","approved","published","10","0","200","29370","Business website — System Admin | Omni Group Tech · Omni Group Tech","True","live_ok|has_signals"
"website-business","pets","56fbfa6a-fb52-4a74-abe4-8da63bc2c7cc","/sites/system-admin-56fbfa6a","https://omnigrouptech.com/sites/system-admin-56fbfa6a","completed","approved","published","10","0","200","29305","Business website — System Admin | Omni Group Tech · Omni Group Tech","True","live_ok|has_signals"
"website-business","photography","9735ab1c-dddc-43de-8956-3fd52b3ad24d","/sites/system-admin-9735ab1c","https://omnigrouptech.com/sites/system-admin-9735ab1c","completed","approved","published","10","0","200","29396","Business website — System Admin | Omni Group Tech · Omni Group Tech","True","live_ok|has_signals"
"website-business","product_project_management","4ef99fb0-4dba-4e3d-b98c-f7f6cf954088","/sites/system-admin-4ef99fb0","https://omnigrouptech.com/sites/system-admin-4ef99fb0","completed","approved","published","10","0","200","29591","Business website — System Admin | Omni Group Tech · Omni Group Tech","True","live_ok|has_signals"
"website-business","professional","7972a4b2-3a45-4f14-a702-4d71374eaaef","/sites/system-admin-7972a4b2","https://omnigrouptech.com/sites/system-admin-7972a4b2","completed","approved","published","10","0","200","29392","Business website — System Admin | Omni Group Tech · Omni Group Tech","True","live_ok|has_signals"
"website-business","real-estate","af868a5f-5840-477c-b483-bce78b33a770","/sites/system-admin-af868a5f","https://omnigrouptech.com/sites/system-admin-af868a5f","completed","approved","published","10","0","200","29396","Business website — System Admin | Omni Group Tech · Omni Group Tech","True","live_ok|has_signals"
"website-business","real_estate_services","be91e503-cd51-465c-ad87-62e0612a0895","/sites/system-admin-be91e503","https://omnigrouptech.com/sites/system-admin-be91e503","completed","approved","published","10","0","200","29497","Business website — System Admin | Omni Group Tech · Omni Group Tech","True","live_ok|has_signals"
"website-business","retail","f3d93fee-a33b-43a3-9a1f-064c46ea4990","/sites/system-admin-f3d93fee","https://omnigrouptech.com/sites/system-admin-f3d93fee","completed","approved","published","10","0","200","29331","Business website — System Admin | Omni Group Tech · Omni Group Tech","True","live_ok|has_signals"
"website-business","sales","566c6a07-0286-4509-97c8-11e1d078b461","/sites/system-admin-566c6a07","https://omnigrouptech.com/sites/system-admin-566c6a07","completed","approved","published","10","0","200","29318","Business website — System Admin | Omni Group Tech · Omni Group Tech","True","live_ok|has_signals"
"website-business","technology","440d0db3-7c14-418f-a284-2aa4d2d81d58","/sites/system-admin-440d0db3","https://omnigrouptech.com/sites/system-admin-440d0db3","completed","approved","published","10","0","200","29383","Business website — System Admin | Omni Group Tech · Omni Group Tech","True","live_ok|has_signals"
"website-business","travel","0d86830e-9897-4cbe-9825-6689250d1cb4","/sites/system-admin-0d86830e","https://omnigrouptech.com/sites/system-admin-0d86830e","completed","approved","published","10","0","200","29331","Business website — System Admin | Omni Group Tech · Omni Group Tech","True","live_ok|has_signals"
"website-business","video_animation","18cf61da-e330-47f5-9790-2651e97fa84c","/sites/system-admin-18cf61da","https://omnigrouptech.com/sites/system-admin-18cf61da","completed","approved","published","10","0","200","29448","Business website — System Admin | Omni Group Tech · Omni Group Tech","True","live_ok|has_signals"
"website-business","web3","7a90758d-dfb6-47ff-9a90-3592e37dc49c","/sites/system-admin-7a90758d","https://omnigrouptech.com/sites/system-admin-7a90758d","completed","approved","published","10","0","200","29305","Business website — System Admin | Omni Group Tech · Omni Group Tech","True","live_ok|has_signals"
"website-business","writing_translation","9a3b49fe-62c1-4554-b638-08de22d910b6","/sites/system-admin-9a3b49fe","https://omnigrouptech.com/sites/system-admin-9a3b49fe","completed","approved","published","10","0","200","29500","Business website — System Admin | Omni Group Tech · Omni Group Tech","True","live_ok|has_signals"
"website-ecommerce","admin_support","d297a82f-cdcc-4046-bf60-7983a3b25364","/sites/system-admin-d297a82f","https://omnigrouptech.com/sites/system-admin-d297a82f","completed","approved","published","8","8","200","30525","E-commerce demo storefront — System Admin | Omni Group Tech · Omni Group Tech","True","live_ok|has_signals"
"website-ecommerce","agriculture","e80fe4bd-d456-4af4-95fc-656a2d552aca","/sites/system-admin-e80fe4bd","https://omnigrouptech.com/sites/system-admin-e80fe4bd","completed","approved","published","8","8","200","30485","E-commerce demo storefront — System Admin | Omni Group Tech · Omni Group Tech","True","live_ok|has_signals"
"website-ecommerce","ai_data","b9a82e7f-56ef-476c-bad5-10f81bc26aa2","/sites/system-admin-b9a82e7f","https://omnigrouptech.com/sites/system-admin-b9a82e7f","completed","approved","published","8","8","200","30405","E-commerce demo storefront — System Admin | Omni Group Tech · Omni Group Tech","True","live_ok|has_signals"
"website-ecommerce","audio_music","8da3701a-bc7c-437b-b116-88c8a72b0a6e","/sites/system-admin-8da3701a","https://omnigrouptech.com/sites/system-admin-8da3701a","completed","approved","published","8","8","200","30485","E-commerce demo storefront — System Admin | Omni Group Tech · Omni Group Tech","True","live_ok|has_signals"
"website-ecommerce","automotive","954027c1-6133-403d-96b6-ad64ced69b87","/sites/system-admin-954027c1","https://omnigrouptech.com/sites/system-admin-954027c1","completed","approved","published","8","8","200","30465","E-commerce demo storefront — System Admin | Omni Group Tech · Omni Group Tech","True","live_ok|has_signals"
"website-ecommerce","beauty","d44ac97e-6efe-4e36-ba1f-efe8fbe78233","/sites/system-admin-d44ac97e","https://omnigrouptech.com/sites/system-admin-d44ac97e","completed","approved","published","8","8","200","30385","E-commerce demo storefront — System Admin | Omni Group Tech · Omni Group Tech","True","live_ok|has_signals"
"website-ecommerce","business_consulting","8d622456-b3a3-48b8-8074-bc7e76015626","/sites/system-admin-8d622456","https://omnigrouptech.com/sites/system-admin-8d622456","completed","approved","published","8","8","200","30645","E-commerce demo storefront — System Admin | Omni Group Tech · Omni Group Tech","True","live_ok|has_signals"
"website-ecommerce","community_moderation","5e1bbcd3-5387-49ce-8bde-1795b4fa53a2","/sites/system-admin-5e1bbcd3","https://omnigrouptech.com/sites/system-admin-5e1bbcd3","completed","approved","published","8","8","200","30665","E-commerce demo storefront — System Admin | Omni Group Tech · Omni Group Tech","True","live_ok|has_signals"
"website-ecommerce","construction","a0457760-f682-4750-b093-3c8ee0c790b8","/sites/system-admin-a0457760","https://omnigrouptech.com/sites/system-admin-a0457760","completed","approved","published","8","8","200","30505","E-commerce demo storefront — System Admin | Omni Group Tech · Omni Group Tech","True","live_ok|has_signals"
"website-ecommerce","creator_services","271e63aa-603a-44fa-b650-a5a6cd85c7c0","/sites/system-admin-271e63aa","https://omnigrouptech.com/sites/system-admin-271e63aa","completed","approved","published","8","8","200","30585","E-commerce demo storefront — System Admin | Omni Group Tech · Omni Group Tech","True","live_ok|has_signals"
"website-ecommerce","customer_service","5dcf21ac-ec4e-4d79-a2cd-e865ae6bc4b0","/sites/system-admin-5dcf21ac","https://omnigrouptech.com/sites/system-admin-5dcf21ac","completed","approved","published","8","8","200","30585","E-commerce demo storefront — System Admin | Omni Group Tech · Omni Group Tech","True","live_ok|has_signals"
"website-ecommerce","design_creative","c20db014-3168-4706-8436-340c01dd7ef8","/sites/system-admin-c20db014","https://omnigrouptech.com/sites/system-admin-c20db014","completed","approved","published","8","8","200","30565","E-commerce demo storefront — System Admin | Omni Group Tech · Omni Group Tech","True","live_ok|has_signals"
"website-ecommerce","development_it","86cefb1c-31a9-489e-87af-6eb80832f517","/sites/system-admin-86cefb1c","https://omnigrouptech.com/sites/system-admin-86cefb1c","completed","approved","published","8","8","200","30545","E-commerce demo storefront — System Admin | Omni Group Tech · Omni Group Tech","True","live_ok|has_signals"
"website-ecommerce","ecommerce","27745b64-9097-4a2e-b3ba-0a4ea2f543b8","/sites/system-admin-27745b64","https://omnigrouptech.com/sites/system-admin-27745b64","completed","approved","published","8","8","200","30445","E-commerce demo storefront — System Admin | Omni Group Tech · Omni Group Tech","True","live_ok|has_signals"
"website-ecommerce","education","ad4e32d8-edb1-4c91-9dcd-2afe3ec1f05d","/sites/system-admin-ad4e32d8","https://omnigrouptech.com/sites/system-admin-ad4e32d8","completed","approved","published","8","8","200","30445","E-commerce demo storefront — System Admin | Omni Group Tech · Omni Group Tech","True","live_ok|has_signals"
"website-ecommerce","education_training","5a751065-04af-4908-a7e4-3287559e8fab","/sites/system-admin-5a751065","https://omnigrouptech.com/sites/system-admin-5a751065","completed","approved","published","8","8","200","30670","E-commerce demo storefront — System Admin | Omni Group Tech · Omni Group Tech","True","live_ok|has_signals"
"website-ecommerce","energy","0ad4541d-7e13-4617-8a31-943076f65f89","/sites/system-admin-0ad4541d","https://omnigrouptech.com/sites/system-admin-0ad4541d","completed","approved","published","8","8","200","30385","E-commerce demo storefront — System Admin | Omni Group Tech · Omni Group Tech","True","live_ok|has_signals"
"website-ecommerce","engineering_architecture","30ac990d-f1c1-4dde-a964-a944eb449c04","/sites/system-admin-30ac990d","https://omnigrouptech.com/sites/system-admin-30ac990d","completed","approved","published","8","8","200","30745","E-commerce demo storefront — System Admin | Omni Group Tech · Omni Group Tech","True","live_ok|has_signals"
"website-ecommerce","engineering_science","1f226663-8de9-47b3-b213-3c9cca055b0a","/sites/system-admin-1f226663","https://omnigrouptech.com/sites/system-admin-1f226663","completed","approved","published","8","8","200","30645","E-commerce demo storefront — System Admin | Omni Group Tech · Omni Group Tech","True","live_ok|has_signals"
"website-ecommerce","entertainment","266116e8-64d1-402b-88fe-ab085726b2c6","/sites/system-admin-266116e8","https://omnigrouptech.com/sites/system-admin-266116e8","completed","approved","published","8","8","200","30525","E-commerce demo storefront — System Admin | Omni Group Tech · Omni Group Tech","True","live_ok|has_signals"
"website-ecommerce","finance","3a6e7117-5551-45b7-a489-c31bad7de5c6","/sites/system-admin-3a6e7117","https://omnigrouptech.com/sites/system-admin-3a6e7117","completed","approved","published","8","8","200","30405","E-commerce demo storefront — System Admin | Omni Group Tech · Omni Group Tech","True","live_ok|has_signals"
"website-ecommerce","finance_accounting","6287eb16-0c94-4fda-87ff-2633fcc45421","/sites/system-admin-6287eb16","https://omnigrouptech.com/sites/system-admin-6287eb16","completed","approved","published","8","8","200","30636","E-commerce demo storefront — System Admin | Omni Group Tech · Omni Group Tech","True","live_ok|has_signals"
"website-ecommerce","fitness","8fba053b-ec1a-496c-be79-5e88a1abeedf","/sites/system-admin-8fba053b","https://omnigrouptech.com/sites/system-admin-8fba053b","completed","approved","published","8","8","200","30405","E-commerce demo storefront — System Admin | Omni Group Tech · Omni Group Tech","True","live_ok|has_signals"
"website-ecommerce","government","8ccdfaec-11c4-4826-a97c-768df68c6527","/sites/system-admin-8ccdfaec","https://omnigrouptech.com/sites/system-admin-8ccdfaec","completed","approved","published","8","8","200","30465","E-commerce demo storefront — System Admin | Omni Group Tech · Omni Group Tech","True","live_ok|has_signals"
"website-ecommerce","healthcare","49f68a7d-b2dd-41a0-9a7d-3cdf1a29b697","/sites/system-admin-49f68a7d","https://omnigrouptech.com/sites/system-admin-49f68a7d","completed","approved","published","8","8","200","30465","E-commerce demo storefront — System Admin | Omni Group Tech · Omni Group Tech","True","live_ok|has_signals"
"website-ecommerce","home_services","285a60af-28bb-4399-8a0b-844b5260f3e0","/sites/system-admin-285a60af","https://omnigrouptech.com/sites/system-admin-285a60af","completed","approved","published","8","8","200","30525","E-commerce demo storefront — System Admin | Omni Group Tech · Omni Group Tech","True","live_ok|has_signals"
"website-ecommerce","hospitality","93af439a-241f-47e1-b487-30c04d9fd937","/sites/system-admin-93af439a","https://omnigrouptech.com/sites/system-admin-93af439a","completed","approved","published","8","8","200","30485","E-commerce demo storefront — System Admin | Omni Group Tech · Omni Group Tech","True","live_ok|has_signals"
"website-ecommerce","hr_recruiting","687d6d1e-1739-4f80-84bc-4dc941ad0df2","/sites/system-admin-687d6d1e","https://omnigrouptech.com/sites/system-admin-687d6d1e","completed","approved","published","8","8","200","30525","E-commerce demo storefront — System Admin | Omni Group Tech · Omni Group Tech","True","live_ok|has_signals"
"website-ecommerce","industrial","fb3afc62-c3d5-43b1-a048-5a40f5e23942","/sites/system-admin-fb3afc62","https://omnigrouptech.com/sites/system-admin-fb3afc62","completed","approved","published","8","8","200","30465","E-commerce demo storefront — System Admin | Omni Group Tech · Omni Group Tech","True","live_ok|has_signals"
"website-ecommerce","legal","76d602a7-1195-404d-97b2-278a5a5f0eda","/sites/system-admin-76d602a7","https://omnigrouptech.com/sites/system-admin-76d602a7","completed","approved","published","8","8","200","30365","E-commerce demo storefront — System Admin | Omni Group Tech · Omni Group Tech","True","live_ok|has_signals"
"website-ecommerce","legal_services","25ea97e6-2db2-4967-9edb-002ee5c1d723","/sites/system-admin-25ea97e6","https://omnigrouptech.com/sites/system-admin-25ea97e6","completed","approved","published","8","8","200","30554","E-commerce demo storefront — System Admin | Omni Group Tech · Omni Group Tech","True","live_ok|has_signals"
"website-ecommerce","localization","7ed5563d-555c-490b-9849-8eabe9cd81da","/sites/system-admin-7ed5563d","https://omnigrouptech.com/sites/system-admin-7ed5563d","completed","approved","published","8","8","200","30505","E-commerce demo storefront — System Admin | Omni Group Tech · Omni Group Tech","True","live_ok|has_signals"
"website-ecommerce","logistics","fb320687-4a89-4c80-b8b1-7c30f4dc6570","/sites/system-admin-fb320687","https://omnigrouptech.com/sites/system-admin-fb320687","completed","approved","published","8","8","200","30445","E-commerce demo storefront — System Admin | Omni Group Tech · Omni Group Tech","True","live_ok|has_signals"
"website-ecommerce","manufacturing","4ef1693d-32a2-4f1e-99b1-d395aca0c544","/sites/system-admin-4ef1693d","https://omnigrouptech.com/sites/system-admin-4ef1693d","completed","approved","published","8","8","200","30525","E-commerce demo storefront — System Admin | Omni Group Tech · Omni Group Tech","True","live_ok|has_signals"
"website-ecommerce","marketing","d0945b2a-b456-4ff7-bafb-330a77dde6c0","/sites/system-admin-d0945b2a","https://omnigrouptech.com/sites/system-admin-d0945b2a","completed","approved","published","8","8","200","30445","E-commerce demo storefront — System Admin | Omni Group Tech · Omni Group Tech","True","live_ok|has_signals"
"website-ecommerce","media","0bf327f7-5686-430d-96d7-9b4709189571","/sites/system-admin-0bf327f7","https://omnigrouptech.com/sites/system-admin-0bf327f7","completed","approved","published","8","8","200","30365","E-commerce demo storefront — System Admin | Omni Group Tech · Omni Group Tech","True","live_ok|has_signals"
"website-ecommerce","nonprofit","5a43ecb5-cf89-4870-83a1-b2c29db2b75a","/sites/system-admin-5a43ecb5","https://omnigrouptech.com/sites/system-admin-5a43ecb5","completed","approved","published","8","8","200","30445","E-commerce demo storefront — System Admin | Omni Group Tech · Omni Group Tech","True","live_ok|has_signals"
"website-ecommerce","pets","4ae50ff3-1f8b-4e67-aae0-2c883626103d","/sites/system-admin-4ae50ff3","https://omnigrouptech.com/sites/system-admin-4ae50ff3","completed","approved","published","8","8","200","30345","E-commerce demo storefront — System Admin | Omni Group Tech · Omni Group Tech","True","live_ok|has_signals"
"website-ecommerce","photography","4c76f481-add8-4b2f-bdf4-496caf1bda22","/sites/system-admin-4c76f481","https://omnigrouptech.com/sites/system-admin-4c76f481","completed","approved","published","8","8","200","30485","E-commerce demo storefront — System Admin | Omni Group Tech · Omni Group Tech","True","live_ok|has_signals"
"website-ecommerce","product_project_management","2a35ac1b-0198-4320-9f0e-8c15e2345753","/sites/system-admin-2a35ac1b","https://omnigrouptech.com/sites/system-admin-2a35ac1b","completed","approved","published","8","8","200","30785","E-commerce demo storefront — System Admin | Omni Group Tech · Omni Group Tech","True","live_ok|has_signals"
"website-ecommerce","professional","6aedc842-ea2a-4a17-9ef1-b41ae741ecc7","/sites/system-admin-6aedc842","https://omnigrouptech.com/sites/system-admin-6aedc842","completed","approved","published","8","8","200","30488","E-commerce demo storefront — System Admin | Omni Group Tech · Omni Group Tech","True","live_ok|has_signals"
"website-ecommerce","real-estate","2536689b-ed9a-4c17-b9e4-4609466230bb","/sites/system-admin-2536689b","https://omnigrouptech.com/sites/system-admin-2536689b","completed","approved","published","8","8","200","30485","E-commerce demo storefront — System Admin | Omni Group Tech · Omni Group Tech","True","live_ok|has_signals"
"website-ecommerce","real_estate_services","7ba5324d-3485-4721-aafe-6c56b8fe0b2b","/sites/system-admin-7ba5324d","https://omnigrouptech.com/sites/system-admin-7ba5324d","completed","approved","published","8","8","200","30656","E-commerce demo storefront — System Admin | Omni Group Tech · Omni Group Tech","True","live_ok|has_signals"
"website-ecommerce","retail","c8da44d6-872a-497d-be08-1e84486c8d5c","/sites/system-admin-c8da44d6","https://omnigrouptech.com/sites/system-admin-c8da44d6","completed","approved","published","8","8","200","30385","E-commerce demo storefront — System Admin | Omni Group Tech · Omni Group Tech","True","live_ok|has_signals"
"website-ecommerce","sales","6d45fdb2-88c9-44a8-babc-ea7f7a6ec43d","/sites/system-admin-6d45fdb2","https://omnigrouptech.com/sites/system-admin-6d45fdb2","completed","approved","published","8","8","200","30365","E-commerce demo storefront — System Admin | Omni Group Tech · Omni Group Tech","True","live_ok|has_signals"
"website-ecommerce","technology","bc28c60b-e714-4f46-b860-8bede11b69b6","/sites/system-admin-bc28c60b","https://omnigrouptech.com/sites/system-admin-bc28c60b","completed","approved","published","8","8","200","30465","E-commerce demo storefront — System Admin | Omni Group Tech · Omni Group Tech","True","live_ok|has_signals"
"website-ecommerce","travel","a5ccf563-3d0b-4ddb-ba22-721cfa34c15f","/sites/system-admin-a5ccf563","https://omnigrouptech.com/sites/system-admin-a5ccf563","completed","approved","published","8","8","200","30385","E-commerce demo storefront — System Admin | Omni Group Tech · Omni Group Tech","True","live_ok|has_signals"
"website-ecommerce","video_animation","25def2de-97c7-47a2-9eda-225d077c4a12","/sites/system-admin-25def2de","https://omnigrouptech.com/sites/system-admin-25def2de","completed","approved","published","8","8","200","30565","E-commerce demo storefront — System Admin | Omni Group Tech · Omni Group Tech","True","live_ok|has_signals"
"website-ecommerce","web3","b89b6445-3cea-4a71-9ae8-ea880fe55550","/sites/system-admin-b89b6445","https://omnigrouptech.com/sites/system-admin-b89b6445","completed","approved","published","8","8","200","30345","E-commerce demo storefront — System Admin | Omni Group Tech · Omni Group Tech","True","live_ok|has_signals"
"website-ecommerce","writing_translation","aed669f1-a427-48f8-86b2-789300f00fd2","/sites/system-admin-aed669f1","https://omnigrouptech.com/sites/system-admin-aed669f1","completed","approved","published","8","8","200","30645","E-commerce demo storefront — System Admin | Omni Group Tech · Omni Group Tech","True","live_ok|has_signals"
