deliverableId,industry,status,score,absoluteUrl,httpStatus,title,apiTitle,pageCount,sectionCount,catalogCount,hasShop,failReasons,paymentId,checkedAt
landing,fitness,PASS,100,https://omnigrouptech.com/sites/fitness-studio-ec05f56585cd-muwejfp9,200,"Fitness Studio","Fitness Studio",1,5,0,False,"",ec05f565-85cd-4da4-a46e-53b69f476274,2026-10-06T10:13:46.7019982+02:00
website-business,fitness,FAIL,0,,0,"","",0,0,0,False,"The remote server returned an error: (502) Bad Gateway.",33cf0141-aa46-44ff-bed1-59c2cafc470c,2026-10-06T10:14:10.7789505+02:00
website-ecommerce,fitness,PASS,100,https://omnigrouptech.com/sites/fitness-studio-70d3df726531-muwelfki,200,"Fitness Studio","Fitness Studio",7,4,8,True,"",70d3df72-6531-47db-b270-65f0dcc4bf31,2026-10-06T10:15:16.7134689+02:00
landing,legal,PASS,100,https://omnigrouptech.com/sites/legal-studio-3ef44cf7a9f4-muweltp5,200,"Legal Studio","Legal Studio",1,5,0,False,"",3ef44cf7-a9f4-427a-8e2d-e1d81e544b97,2026-10-06T10:15:35.8329012+02:00
website-business,legal,PASS,100,https://omnigrouptech.com/sites/legal-studio-0ba529d71a1a-muwem9sr,200,"Legal Studio","Legal Studio",10,5,0,False,"",0ba529d7-1a1a-44d4-9bef-de3ff7b113fe,2026-10-06T10:15:54.9782889+02:00
website-ecommerce,legal,PASS,100,https://omnigrouptech.com/sites/legal-studio-3a7f9e0942f5-muwemoy1,200,"Legal Studio","Legal Studio",7,4,8,True,"",3a7f9e09-42f5-4eeb-8552-7b0ba2727776,2026-10-06T10:16:18.7613435+02:00
landing,healthcare,PASS,100,https://omnigrouptech.com/sites/healthcare-studio-f373cb0673e9-muwen8s5,200,"Healthcare Studio","Healthcare Studio",1,5,0,False,"",f373cb06-73e9-43c5-aef1-26e7470fdb3c,2026-10-06T10:16:40.2614281+02:00
website-business,healthcare,PASS,100,https://omnigrouptech.com/sites/healthcare-studio-c5707b8448c3-muwenm5z,200,"Healthcare Studio","Healthcare Studio",10,5,0,False,"",c5707b84-48c3-4782-b0c8-d4551a21d711,2026-10-06T10:16:57.8501660+02:00
website-ecommerce,healthcare,PASS,100,https://omnigrouptech.com/sites/healthcare-studio-7a349188a0ca-muweo0ov,200,"Healthcare Studio","Healthcare Studio",7,4,8,True,"",7a349188-a0ca-46ef-a589-76a9cbc16dc9,2026-10-06T10:17:18.7036594+02:00
landing,hospitality,PASS,100,https://omnigrouptech.com/sites/hospitality-studio-e2816fdc6716-muweojuk,200,"Hospitality Studio","Hospitality Studio",1,5,0,False,"",e2816fdc-6716-4c51-8d9c-9260c0762f92,2026-10-06T10:17:41.3451748+02:00
website-business,hospitality,PASS,100,https://omnigrouptech.com/sites/hospitality-studio-2c7a195a21a9-muwep0pe,200,"Hospitality Studio","Hospitality Studio",10,5,0,False,"",2c7a195a-21a9-4bd3-9fd5-32119b064ca9,2026-10-06T10:18:05.5447792+02:00
website-ecommerce,hospitality,PASS,100,https://omnigrouptech.com/sites/hospitality-studio-d6f2bf330af9-muwepgo7,200,"Hospitality Studio","Hospitality Studio",7,4,8,True,"",d6f2bf33-0af9-45c0-b44b-4f17cc8fc657,2026-10-06T10:18:24.9996903+02:00
landing,construction,PASS,100,https://omnigrouptech.com/sites/construction-studio-1de25e0f30cd-muwepux2,200,"Construction Studio","Construction Studio",1,5,0,False,"",1de25e0f-30cd-4b29-8b94-3579f3b0452f,2026-10-06T10:18:43.6576864+02:00
website-business,construction,PASS,100,https://omnigrouptech.com/sites/construction-studio-fe3e727f83ac-muweq9n6,200,"Construction Studio","Construction Studio",10,5,0,False,"",fe3e727f-83ac-448e-879c-437112b1979a,2026-10-06T10:19:06.5871723+02:00
website-ecommerce,construction,PASS,100,https://omnigrouptech.com/sites/construction-studio-b3fae431ffab-muweqr7k,200,"Construction Studio","Construction Studio",7,4,8,True,"",b3fae431-ffab-422c-a01f-eb7232b9204d,2026-10-06T10:19:24.0976290+02:00
landing,finance,PASS,100,https://omnigrouptech.com/sites/finance-studio-edaa07a47ccd-muwer7fu,200,"Finance Studio","Finance Studio",1,5,0,False,"",edaa07a4-7ccd-4e16-a210-3e66afa843dc,2026-10-06T10:19:47.3462135+02:00
website-business,finance,PASS,100,https://omnigrouptech.com/sites/finance-studio-b4d0147e640b-muwermzs,200,"Finance Studio","Finance Studio",10,5,0,False,"",b4d0147e-640b-4563-9961-62484fa7d365,2026-10-06T10:20:05.1001281+02:00
website-ecommerce,finance,PASS,100,https://omnigrouptech.com/sites/finance-studio-18c4019537f3-muwes06a,200,"Finance Studio","Finance Studio",7,4,8,True,"",18c40195-37f3-4a20-825e-10fdae26ee44,2026-10-06T10:20:23.3084239+02:00
landing,education,PASS,100,https://omnigrouptech.com/sites/education-studio-b9eba7bdeac0-muwesemm,200,"Education Studio","Education Studio",1,5,0,False,"",b9eba7bd-eac0-48df-9209-ee20d37b60e5,2026-10-06T10:20:40.9741439+02:00
website-business,education,PASS,100,https://omnigrouptech.com/sites/education-studio-edd1ad4b6588-muwesrv3,200,"Education Studio","Education Studio",10,5,0,False,"",edd1ad4b-6588-4a73-966c-3f8a8d408637,2026-10-06T10:20:58.2568958+02:00
website-ecommerce,education,PASS,100,https://omnigrouptech.com/sites/education-studio-16765e68a71d-muwet5h5,200,"Education Studio","Education Studio",7,4,8,True,"",16765e68-a71d-4a5f-b523-a4d27ad9cc86,2026-10-06T10:21:16.9200203+02:00
landing,automotive,PASS,100,https://omnigrouptech.com/sites/automotive-studio-3493ce43b90b-muwetjmb,200,"Automotive Studio","Automotive Studio",1,5,0,False,"",3493ce43-b90b-4810-af6a-4553a77ef017,2026-10-06T10:21:33.9803853+02:00
website-business,automotive,PASS,100,https://omnigrouptech.com/sites/automotive-studio-e06343d3a395-muwetwq4,200,"Automotive Studio","Automotive Studio",10,5,0,False,"",e06343d3-a395-467a-afea-6ebc6d066476,2026-10-06T10:21:52.9398269+02:00
website-ecommerce,automotive,PASS,100,https://omnigrouptech.com/sites/automotive-studio-52a5102cf76d-muweubf3,200,"Automotive Studio","Automotive Studio",7,4,8,True,"",52a5102c-f76d-4340-99d2-688b95a05371,2026-10-06T10:22:10.0936976+02:00
landing,beauty,PASS,100,https://omnigrouptech.com/sites/beauty-studio-28f5fd18d70a-muweuolm,200,"Beauty Studio","Beauty Studio",1,5,0,False,"",28f5fd18-d70a-483b-bf43-8022e6b30ac1,2026-10-06T10:22:27.0883939+02:00
website-business,beauty,PASS,100,https://omnigrouptech.com/sites/beauty-studio-c64aaec99ecb-muwev23l,200,"Beauty Studio","Beauty Studio",10,5,0,False,"",c64aaec9-9ecb-4491-b94e-cc8042e7da58,2026-10-06T10:22:44.3708118+02:00
website-ecommerce,beauty,PASS,100,https://omnigrouptech.com/sites/beauty-studio-f9ebfe8dac0e-muwevf4f,200,"Beauty Studio","Beauty Studio",7,4,8,True,"",f9ebfe8d-ac0e-451f-8330-b74e12c2a037,2026-10-06T10:23:01.9265408+02:00
landing,ecommerce,FAIL,80,https://omnigrouptech.com/sites/e-commerce-store-35067437e489-muwevslu,200,"E-commerce Store","E-commerce Store",1,5,0,False,"industry_token_missing",35067437-e489-4f2e-b550-6a9d4b9d18b3,2026-10-06T10:23:19.0559179+02:00
website-business,ecommerce,FAIL,80,https://omnigrouptech.com/sites/e-commerce-store-dc58febdeb48-muwew5wk,200,"E-commerce Store","E-commerce Store",10,5,0,False,"industry_token_missing",dc58febd-eb48-401b-b95e-ff3b2b8dfcfd,2026-10-06T10:23:36.1755277+02:00
website-ecommerce,ecommerce,FAIL,80,https://omnigrouptech.com/sites/e-commerce-store-5849f380f4f6-muwewj3b,200,"E-commerce Store","E-commerce Store",7,4,8,True,"industry_token_missing",5849f380-f4f6-434a-a93d-4f477c63d544,2026-10-06T10:23:53.3927425+02:00
landing,agriculture,PASS,100,https://omnigrouptech.com/sites/agriculture-studio-ab1b0ff5a061-muwewwc4,200,"Agriculture Studio","Agriculture Studio",1,5,0,False,"",ab1b0ff5-a061-42f9-b1a7-aa1e08bf6f39,2026-10-06T10:24:10.4633612+02:00
website-business,agriculture,PASS,100,https://omnigrouptech.com/sites/agriculture-studio-0041a5729b24-muwex9lb,200,"Agriculture Studio","Agriculture Studio",10,5,0,False,"",0041a572-9b24-48b5-89a5-4364a33d6cfe,2026-10-06T10:24:27.7215565+02:00
website-ecommerce,agriculture,PASS,100,https://omnigrouptech.com/sites/agriculture-studio-385a486bb493-muwexmuc,200,"Agriculture Studio","Agriculture Studio",7,4,8,True,"",385a486b-b493-4208-9728-38548b90b896,2026-10-06T10:24:44.8923193+02:00
landing,marketing,PASS,100,https://omnigrouptech.com/sites/marketing-studio-1d8e202adfac-muwey0fx,200,"Marketing Studio","Marketing Studio",1,5,0,False,"",1d8e202a-dfac-4d89-96dd-b08e38b8205a,2026-10-06T10:25:02.7310447+02:00
website-business,marketing,PASS,100,https://omnigrouptech.com/sites/marketing-studio-66a0d02fcf2a-muweyduw,200,"Marketing Studio","Marketing Studio",10,5,0,False,"",66a0d02f-cf2a-4bd7-821a-5516c27e4681,2026-10-06T10:25:19.8185289+02:00
website-ecommerce,marketing,PASS,100,https://omnigrouptech.com/sites/marketing-studio-4d82cb835d97-muweyrlt,200,"Marketing Studio","Marketing Studio",7,4,8,True,"",4d82cb83-5d97-4224-b6c6-fc74880cc35c,2026-10-06T10:25:37.5701428+02:00
